-- phpMyAdmin SQL Dump
-- version 5.2.0
-- https://www.phpmyadmin.net/
--
-- Máy chủ: 127.0.0.1
-- Thời gian đã tạo: Th12 10, 2022 lúc 07:02 PM
-- Phiên bản máy phục vụ: 10.4.25-MariaDB
-- Phiên bản PHP: 8.1.10

SET SQL_MODE = "NO_AUTO_VALUE_ON_ZERO";
START TRANSACTION;
SET time_zone = "+00:00";


/*!40101 SET @OLD_CHARACTER_SET_CLIENT=@@CHARACTER_SET_CLIENT */;
/*!40101 SET @OLD_CHARACTER_SET_RESULTS=@@CHARACTER_SET_RESULTS */;
/*!40101 SET @OLD_COLLATION_CONNECTION=@@COLLATION_CONNECTION */;
/*!40101 SET NAMES utf8mb4 */;

--
-- Cơ sở dữ liệu: `data`
--
Create database data;

use data;

-- --------------------------------------------------------

--
-- Cấu trúc bảng cho bảng `admin`
--


CREATE TABLE `admin` (
  `id` int(11) NOT NULL,
  `username` varchar(200) NOT NULL,
  `password` varchar(200) NOT NULL,
  `full_name` varchar(200) NOT NULL,
  `phone` int(11) NOT NULL
) ENGINE=InnoDB DEFAULT CHARSET=utf8mb4;

--
-- Đang đổ dữ liệu cho bảng `admin`
--

INSERT INTO `admin` (`id`, `username`, `password`, `full_name`, `phone`) VALUES
(1, 'admin', '123456', 'Tôi là admin', 848122611);

-- --------------------------------------------------------

--
-- Cấu trúc bảng cho bảng `cart`
--

CREATE TABLE `cart` (
  `id` int(11) DEFAULT NULL,
  `name` varchar(200) CHARACTER SET utf8 DEFAULT NULL,
  `price` double DEFAULT NULL,
  `quantity` int(11) NOT NULL DEFAULT 1,
  `thumbnail` varchar(200) NOT NULL,
  `created_at` datetime DEFAULT NULL ON UPDATE current_timestamp(),
  `updated_at` datetime DEFAULT NULL ON UPDATE current_timestamp()
) ENGINE=InnoDB DEFAULT CHARSET=utf8mb4;

-- --------------------------------------------------------

--
-- Cấu trúc bảng cho bảng `order_detail`
--

CREATE TABLE `order_detail` (
  `id` int(11) NOT NULL,
  `order_id` int(11) DEFAULT NULL,
  `product_id` int(11) DEFAULT NULL,
  `product_name` varchar(200) DEFAULT NULL,
  `quantity` int(11) DEFAULT NULL,
  `total` int(11) DEFAULT NULL,
  `created_at` datetime DEFAULT current_timestamp(),
  `updated_at` datetime DEFAULT current_timestamp()
) ENGINE=InnoDB DEFAULT CHARSET=utf8mb4;

--
-- Đang đổ dữ liệu cho bảng `order_detail`
--

INSERT INTO `order_detail` (`id`, `order_id`, `product_id`, `product_name`, `quantity`, `total`, `created_at`, `updated_at`) VALUES
(42, 39, 18, 'Áo Thun Local Brand Unisex Teelab Cat Vibe TS161', 3, 507000, '2022-12-10 17:55:19', '2022-12-10 17:55:19'),
(43, 39, 182, 'Dép Teelab PooI Slipper AC056', 1, 99000, '2022-12-10 17:55:19', '2022-12-10 17:55:19'),
(44, 40, 132, 'Áo Polo Local Brand Unisex Teelab Summer World Tour / Kem TS153', 1, 129000, '2022-12-10 17:57:02', '2022-12-10 17:57:02'),
(45, 40, 180, 'Tất Teelab Iconic Logo Socks AC057', 3, 120000, '2022-12-10 17:57:02', '2022-12-10 17:57:02');

-- --------------------------------------------------------

--
-- Cấu trúc bảng cho bảng `order_product`
--

CREATE TABLE `order_product` (
  `id` int(11) NOT NULL,
  `customer_name` varchar(200) DEFAULT NULL,
  `email` varchar(200) DEFAULT NULL,
  `phone` int(11) DEFAULT NULL,
  `total` int(20) DEFAULT NULL,
  `billing_address` varchar(500) DEFAULT NULL,
  `pay` varchar(20) DEFAULT NULL,
  `created_at` datetime DEFAULT current_timestamp(),
  `updated_at` datetime DEFAULT NULL ON UPDATE current_timestamp()
) ENGINE=InnoDB DEFAULT CHARSET=utf8mb4;

--
-- Đang đổ dữ liệu cho bảng `order_product`
--

INSERT INTO `order_product` (`id`, `customer_name`, `email`, `phone`, `total`, `billing_address`, `pay`, `created_at`, `updated_at`) VALUES
(39, 'Huỳnh Anh Tuấn', 'huynhanhtuan02.tv@gmail.com', 914260141, 606000, 'Số 20, đường Nguyễn Hữu Thọ, Phường Tân Phong, Quận 7, Thành phố Hồ Chí Minh', 'COD', '2022-12-10 17:55:19', '2022-12-10 18:01:51'),
(40, 'Thái Gia Bảo', 'addmin@google.com', 848122611, 249000, 'Số 70, đường Nguyễn Hữu Thọ, Phường Tân Phong, Quận 7, Thành phố Hồ Chí Minh', 'COD', '2022-12-10 17:57:02', '2022-12-10 17:57:02');

-- --------------------------------------------------------

--
-- Cấu trúc bảng cho bảng `product`
--

CREATE TABLE `product` (
  `id` int(11) NOT NULL,
  `name` varchar(200) CHARACTER SET utf8 DEFAULT NULL,
  `price` double UNSIGNED DEFAULT NULL,
  `quantity` int(11) UNSIGNED NOT NULL DEFAULT 1,
  `description` text CHARACTER SET utf8 DEFAULT NULL,
  `created_at` datetime DEFAULT current_timestamp(),
  `updated_at` datetime DEFAULT NULL,
  `thumbnail` varchar(200) DEFAULT NULL,
  `status` int(11) NOT NULL DEFAULT 1,
  `category_id` int(11) DEFAULT NULL
) ENGINE=InnoDB DEFAULT CHARSET=utf8mb4;

--
-- Đang đổ dữ liệu cho bảng `product`
--

INSERT INTO `product` (`id`, `name`, `price`, `quantity`, `description`, `created_at`, `updated_at`, `thumbnail`, `status`, `category_id`) VALUES
(18, 'Áo Thun Local Brand Unisex Teelab Cat Vibe TS161', 169000, 197, 'TEELAB nơi bạn có thể thỏa sức thử nghiệm phong cách của mình. Được thành lập vào 2020 với rất nhiều những sự biến động của xã hội, TEELAB bắt đầu chặng đường viết lên câu chuyện của riêng mình. Khi văn hóa đường phố dần trở nên phổ biến hơn cũng là lúc nhu cầu được thỏa mãn đam mê về thời trang của những GenZ mãnh liệt hơn bao giờ hết. TEELAB, phòng thí nghiệm về thời trang và những thiết kế mang đậm tinh thần TEELAB của chúng tôi “Your body is your greatest canvas” hứa hẹn sẽ mang đến cho các bạn trẻ Việt Nam nhiều trải nghiệm thú vị và mới mẻ về thời trang đường phố. Đội ngũ Fashion Scientist của TEELAB luôn cố gắng hoàn thiện và phát triển sản phầm, để có thể mang tới cho khách hàng những sản phẩm có chất lượng tốt nhất, được nghiên cứu kỹ càng và đáp ứng những tiêu chuẩn điên rồ nhất từ phòng thí nghiệm của chúng tôi.', '2022-10-31 18:18:59', NULL, 'ao-thun-1.png', 1, 29),
(19, 'Áo Thun Local Brand Unisex Teelab Summer World Tour / Nâu TS153', 169000, 147, 'TEELAB nơi bạn có thể thỏa sức thử nghiệm phong cách của mình. Được thành lập vào 2020 với rất nhiều những sự biến động của xã hội, TEELAB bắt đầu chặng đường viết lên câu chuyện của riêng mình. Khi văn hóa đường phố dần trở nên phổ biến hơn cũng là lúc nhu cầu được thỏa mãn đam mê về thời trang của những GenZ mãnh liệt hơn bao giờ hết. TEELAB, phòng thí nghiệm về thời trang và những thiết kế mang đậm tinh thần TEELAB của chúng tôi “Your body is your greatest canvas” hứa hẹn sẽ mang đến cho các bạn trẻ Việt Nam nhiều trải nghiệm thú vị và mới mẻ về thời trang đường phố. Đội ngũ Fashion Scientist của TEELAB luôn cố gắng hoàn thiện và phát triển sản phầm, để có thể mang tới cho khách hàng những sản phẩm có chất lượng tốt nhất, được nghiên cứu kỹ càng và đáp ứng những tiêu chuẩn điên rồ nhất từ phòng thí nghiệm của chúng tôi.', '2022-10-31 18:19:49', NULL, 'ao-thun-2.png', 1, 29),
(20, 'Áo Thun Local Brand Unisex Teelab Summer World Tour / Kem TS153', 169000, 98, 'TEELAB nơi bạn có thể thỏa sức thử nghiệm phong cách của mình. Được thành lập vào 2020 với rất nhiều những sự biến động của xã hội, TEELAB bắt đầu chặng đường viết lên câu chuyện của riêng mình. Khi văn hóa đường phố dần trở nên phổ biến hơn cũng là lúc nhu cầu được thỏa mãn đam mê về thời trang của những GenZ mãnh liệt hơn bao giờ hết. TEELAB, phòng thí nghiệm về thời trang và những thiết kế mang đậm tinh thần TEELAB của chúng tôi “Your body is your greatest canvas” hứa hẹn sẽ mang đến cho các bạn trẻ Việt Nam nhiều trải nghiệm thú vị và mới mẻ về thời trang đường phố. Đội ngũ Fashion Scientist của TEELAB luôn cố gắng hoàn thiện và phát triển sản phầm, để có thể mang tới cho khách hàng những sản phẩm có chất lượng tốt nhất, được nghiên cứu kỹ càng và đáp ứng những tiêu chuẩn điên rồ nhất từ phòng thí nghiệm của chúng tôi.', '2022-10-31 18:20:25', NULL, 'ao-thun-3.png', 1, 29),
(21, 'Áo Thun Local Brand Unisex Teelab Gambling Cats / Đen TS150', 169000, 109, 'TEELAB nơi bạn có thể thỏa sức thử nghiệm phong cách của mình. Được thành lập vào 2020 với rất nhiều những sự biến động của xã hội, TEELAB bắt đầu chặng đường viết lên câu chuyện của riêng mình. Khi văn hóa đường phố dần trở nên phổ biến hơn cũng là lúc nhu cầu được thỏa mãn đam mê về thời trang của những GenZ mãnh liệt hơn bao giờ hết. TEELAB, phòng thí nghiệm về thời trang và những thiết kế mang đậm tinh thần TEELAB của chúng tôi “Your body is your greatest canvas” hứa hẹn sẽ mang đến cho các bạn trẻ Việt Nam nhiều trải nghiệm thú vị và mới mẻ về thời trang đường phố. Đội ngũ Fashion Scientist của TEELAB luôn cố gắng hoàn thiện và phát triển sản phầm, để có thể mang tới cho khách hàng những sản phẩm có chất lượng tốt nhất, được nghiên cứu kỹ càng và đáp ứng những tiêu chuẩn điên rồ nhất từ phòng thí nghiệm của chúng tôi.', '2022-10-31 18:20:25', NULL, 'ao-thun-4.png', 1, 29),
(22, 'Áo Thun Local Brand Unisex Teelab Cyborg Rabbit TS144', 169000, 157, 'TEELAB nơi bạn có thể thỏa sức thử nghiệm phong cách của mình. Được thành lập vào 2020 với rất nhiều những sự biến động của xã hội, TEELAB bắt đầu chặng đường viết lên câu chuyện của riêng mình. Khi văn hóa đường phố dần trở nên phổ biến hơn cũng là lúc nhu cầu được thỏa mãn đam mê về thời trang của những GenZ mãnh liệt hơn bao giờ hết. TEELAB, phòng thí nghiệm về thời trang và những thiết kế mang đậm tinh thần TEELAB của chúng tôi “Your body is your greatest canvas” hứa hẹn sẽ mang đến cho các bạn trẻ Việt Nam nhiều trải nghiệm thú vị và mới mẻ về thời trang đường phố. Đội ngũ Fashion Scientist của TEELAB luôn cố gắng hoàn thiện và phát triển sản phầm, để có thể mang tới cho khách hàng những sản phẩm có chất lượng tốt nhất, được nghiên cứu kỹ càng và đáp ứng những tiêu chuẩn điên rồ nhất từ phòng thí nghiệm của chúng tôi.', '2022-10-31 18:18:59', NULL, 'ao-thun-5.png', 1, 29),
(23, 'Áo Thun Local Brand Unisex Teelab Cyberpunk TS143', 169000, 158, 'TEELAB nơi bạn có thể thỏa sức thử nghiệm phong cách của mình. Được thành lập vào 2020 với rất nhiều những sự biến động của xã hội, TEELAB bắt đầu chặng đường viết lên câu chuyện của riêng mình. Khi văn hóa đường phố dần trở nên phổ biến hơn cũng là lúc nhu cầu được thỏa mãn đam mê về thời trang của những GenZ mãnh liệt hơn bao giờ hết. TEELAB, phòng thí nghiệm về thời trang và những thiết kế mang đậm tinh thần TEELAB của chúng tôi “Your body is your greatest canvas” hứa hẹn sẽ mang đến cho các bạn trẻ Việt Nam nhiều trải nghiệm thú vị và mới mẻ về thời trang đường phố. Đội ngũ Fashion Scientist của TEELAB luôn cố gắng hoàn thiện và phát triển sản phầm, để có thể mang tới cho khách hàng những sản phẩm có chất lượng tốt nhất, được nghiên cứu kỹ càng và đáp ứng những tiêu chuẩn điên rồ nhất từ phòng thí nghiệm của chúng tôi.', '2022-10-31 18:18:59', NULL, 'ao-thun-6.png', 1, 29),
(24, 'Áo Thun Local Brand Unisex Teelab Space Program: to Infinity and Beyond / Kem TS141', 169000, 100, 'TEELAB nơi bạn có thể thỏa sức thử nghiệm phong cách của mình. Được thành lập vào 2020 với rất nhiều những sự biến động của xã hội, TEELAB bắt đầu chặng đường viết lên câu chuyện của riêng mình. Khi văn hóa đường phố dần trở nên phổ biến hơn cũng là lúc nhu cầu được thỏa mãn đam mê về thời trang của những GenZ mãnh liệt hơn bao giờ hết. TEELAB, phòng thí nghiệm về thời trang và những thiết kế mang đậm tinh thần TEELAB của chúng tôi “Your body is your greatest canvas” hứa hẹn sẽ mang đến cho các bạn trẻ Việt Nam nhiều trải nghiệm thú vị và mới mẻ về thời trang đường phố. Đội ngũ Fashion Scientist của TEELAB luôn cố gắng hoàn thiện và phát triển sản phầm, để có thể mang tới cho khách hàng những sản phẩm có chất lượng tốt nhất, được nghiên cứu kỹ càng và đáp ứng những tiêu chuẩn điên rồ nhất từ phòng thí nghiệm của chúng tôi.', '2022-10-31 18:18:59', NULL, 'ao-thun-7.png', 1, 29),
(25, 'Áo Thun Local Brand Unisex Teelab Cat Vibe TS161', 169000, 100, 'TEELAB nơi bạn có thể thỏa sức thử nghiệm phong cách của mình. Được thành lập vào 2020 với rất nhiều những sự biến động của xã hội, TEELAB bắt đầu chặng đường viết lên câu chuyện của riêng mình. Khi văn hóa đường phố dần trở nên phổ biến hơn cũng là lúc nhu cầu được thỏa mãn đam mê về thời trang của những GenZ mãnh liệt hơn bao giờ hết. TEELAB, phòng thí nghiệm về thời trang và những thiết kế mang đậm tinh thần TEELAB của chúng tôi “Your body is your greatest canvas” hứa hẹn sẽ mang đến cho các bạn trẻ Việt Nam nhiều trải nghiệm thú vị và mới mẻ về thời trang đường phố. Đội ngũ Fashion Scientist của TEELAB luôn cố gắng hoàn thiện và phát triển sản phầm, để có thể mang tới cho khách hàng những sản phẩm có chất lượng tốt nhất, được nghiên cứu kỹ càng và đáp ứng những tiêu chuẩn điên rồ nhất từ phòng thí nghiệm của chúng tôi.', '2022-10-31 18:18:59', NULL, 'ao-thun-8.png', 1, 29),
(26, 'Áo Thun Local Brand Unisex Teelab Summer World Tour / Nâu TS153', 169000, 110, 'TEELAB nơi bạn có thể thỏa sức thử nghiệm phong cách của mình. Được thành lập vào 2020 với rất nhiều những sự biến động của xã hội, TEELAB bắt đầu chặng đường viết lên câu chuyện của riêng mình. Khi văn hóa đường phố dần trở nên phổ biến hơn cũng là lúc nhu cầu được thỏa mãn đam mê về thời trang của những GenZ mãnh liệt hơn bao giờ hết. TEELAB, phòng thí nghiệm về thời trang và những thiết kế mang đậm tinh thần TEELAB của chúng tôi “Your body is your greatest canvas” hứa hẹn sẽ mang đến cho các bạn trẻ Việt Nam nhiều trải nghiệm thú vị và mới mẻ về thời trang đường phố. Đội ngũ Fashion Scientist của TEELAB luôn cố gắng hoàn thiện và phát triển sản phầm, để có thể mang tới cho khách hàng những sản phẩm có chất lượng tốt nhất, được nghiên cứu kỹ càng và đáp ứng những tiêu chuẩn điên rồ nhất từ phòng thí nghiệm của chúng tôi.', '2022-10-31 18:18:59', NULL, 'ao-thun-9.png', 1, 29),
(27, 'Áo Thun Local Brand Unisex Teelab Summer World Tour / Kem TS153', 169000, 100, 'TEELAB nơi bạn có thể thỏa sức thử nghiệm phong cách của mình. Được thành lập vào 2020 với rất nhiều những sự biến động của xã hội, TEELAB bắt đầu chặng đường viết lên câu chuyện của riêng mình. Khi văn hóa đường phố dần trở nên phổ biến hơn cũng là lúc nhu cầu được thỏa mãn đam mê về thời trang của những GenZ mãnh liệt hơn bao giờ hết. TEELAB, phòng thí nghiệm về thời trang và những thiết kế mang đậm tinh thần TEELAB của chúng tôi “Your body is your greatest canvas” hứa hẹn sẽ mang đến cho các bạn trẻ Việt Nam nhiều trải nghiệm thú vị và mới mẻ về thời trang đường phố. Đội ngũ Fashion Scientist của TEELAB luôn cố gắng hoàn thiện và phát triển sản phầm, để có thể mang tới cho khách hàng những sản phẩm có chất lượng tốt nhất, được nghiên cứu kỹ càng và đáp ứng những tiêu chuẩn điên rồ nhất từ phòng thí nghiệm của chúng tôi.', '2022-10-31 18:18:59', NULL, 'ao-thun-10.png', 1, 29),
(28, 'Áo Thun Local Brand Unisex Teelab Gambling Cats / Đen TS150', 169000, 100, 'TEELAB nơi bạn có thể thỏa sức thử nghiệm phong cách của mình. Được thành lập vào 2020 với rất nhiều những sự biến động của xã hội, TEELAB bắt đầu chặng đường viết lên câu chuyện của riêng mình. Khi văn hóa đường phố dần trở nên phổ biến hơn cũng là lúc nhu cầu được thỏa mãn đam mê về thời trang của những GenZ mãnh liệt hơn bao giờ hết. TEELAB, phòng thí nghiệm về thời trang và những thiết kế mang đậm tinh thần TEELAB của chúng tôi “Your body is your greatest canvas” hứa hẹn sẽ mang đến cho các bạn trẻ Việt Nam nhiều trải nghiệm thú vị và mới mẻ về thời trang đường phố. Đội ngũ Fashion Scientist của TEELAB luôn cố gắng hoàn thiện và phát triển sản phầm, để có thể mang tới cho khách hàng những sản phẩm có chất lượng tốt nhất, được nghiên cứu kỹ càng và đáp ứng những tiêu chuẩn điên rồ nhất từ phòng thí nghiệm của chúng tôi.', '2022-10-31 18:18:59', NULL, 'ao-thun-11.png', 1, 29),
(29, 'Áo Thun Local Brand Unisex Teelab Cyborg Rabbit TS144', 169000, 94, 'TEELAB nơi bạn có thể thỏa sức thử nghiệm phong cách của mình. Được thành lập vào 2020 với rất nhiều những sự biến động của xã hội, TEELAB bắt đầu chặng đường viết lên câu chuyện của riêng mình. Khi văn hóa đường phố dần trở nên phổ biến hơn cũng là lúc nhu cầu được thỏa mãn đam mê về thời trang của những GenZ mãnh liệt hơn bao giờ hết. TEELAB, phòng thí nghiệm về thời trang và những thiết kế mang đậm tinh thần TEELAB của chúng tôi “Your body is your greatest canvas” hứa hẹn sẽ mang đến cho các bạn trẻ Việt Nam nhiều trải nghiệm thú vị và mới mẻ về thời trang đường phố. Đội ngũ Fashion Scientist của TEELAB luôn cố gắng hoàn thiện và phát triển sản phầm, để có thể mang tới cho khách hàng những sản phẩm có chất lượng tốt nhất, được nghiên cứu kỹ càng và đáp ứng những tiêu chuẩn điên rồ nhất từ phòng thí nghiệm của chúng tôi.', '2022-10-31 18:18:59', NULL, 'ao-thun-12.png', 1, 29),
(30, 'Áo Thun Local Brand Unisex Teelab Cat Vibe TS161', 169000, 100, 'TEELAB nơi bạn có thể thỏa sức thử nghiệm phong cách của mình. Được thành lập vào 2020 với rất nhiều những sự biến động của xã hội, TEELAB bắt đầu chặng đường viết lên câu chuyện của riêng mình. Khi văn hóa đường phố dần trở nên phổ biến hơn cũng là lúc nhu cầu được thỏa mãn đam mê về thời trang của những GenZ mãnh liệt hơn bao giờ hết. TEELAB, phòng thí nghiệm về thời trang và những thiết kế mang đậm tinh thần TEELAB của chúng tôi “Your body is your greatest canvas” hứa hẹn sẽ mang đến cho các bạn trẻ Việt Nam nhiều trải nghiệm thú vị và mới mẻ về thời trang đường phố. Đội ngũ Fashion Scientist của TEELAB luôn cố gắng hoàn thiện và phát triển sản phầm, để có thể mang tới cho khách hàng những sản phẩm có chất lượng tốt nhất, được nghiên cứu kỹ càng và đáp ứng những tiêu chuẩn điên rồ nhất từ phòng thí nghiệm của chúng tôi.', '2022-10-31 18:30:39', NULL, 'ao-thun-13.png', 1, 29),
(31, 'Áo Thun Local Brand Unisex Teelab Summer World Tour / Nâu TS153', 169000, 100, 'TEELAB nơi bạn có thể thỏa sức thử nghiệm phong cách của mình. Được thành lập vào 2020 với rất nhiều những sự biến động của xã hội, TEELAB bắt đầu chặng đường viết lên câu chuyện của riêng mình. Khi văn hóa đường phố dần trở nên phổ biến hơn cũng là lúc nhu cầu được thỏa mãn đam mê về thời trang của những GenZ mãnh liệt hơn bao giờ hết. TEELAB, phòng thí nghiệm về thời trang và những thiết kế mang đậm tinh thần TEELAB của chúng tôi “Your body is your greatest canvas” hứa hẹn sẽ mang đến cho các bạn trẻ Việt Nam nhiều trải nghiệm thú vị và mới mẻ về thời trang đường phố. Đội ngũ Fashion Scientist của TEELAB luôn cố gắng hoàn thiện và phát triển sản phầm, để có thể mang tới cho khách hàng những sản phẩm có chất lượng tốt nhất, được nghiên cứu kỹ càng và đáp ứng những tiêu chuẩn điên rồ nhất từ phòng thí nghiệm của chúng tôi.', '2022-10-31 18:30:39', NULL, 'ao-thun-14.png', 1, 29),
(32, 'Áo Thun Local Brand Unisex Teelab Summer World Tour / Kem TS153', 169000, 100, 'TEELAB nơi bạn có thể thỏa sức thử nghiệm phong cách của mình. Được thành lập vào 2020 với rất nhiều những sự biến động của xã hội, TEELAB bắt đầu chặng đường viết lên câu chuyện của riêng mình. Khi văn hóa đường phố dần trở nên phổ biến hơn cũng là lúc nhu cầu được thỏa mãn đam mê về thời trang của những GenZ mãnh liệt hơn bao giờ hết. TEELAB, phòng thí nghiệm về thời trang và những thiết kế mang đậm tinh thần TEELAB của chúng tôi “Your body is your greatest canvas” hứa hẹn sẽ mang đến cho các bạn trẻ Việt Nam nhiều trải nghiệm thú vị và mới mẻ về thời trang đường phố. Đội ngũ Fashion Scientist của TEELAB luôn cố gắng hoàn thiện và phát triển sản phầm, để có thể mang tới cho khách hàng những sản phẩm có chất lượng tốt nhất, được nghiên cứu kỹ càng và đáp ứng những tiêu chuẩn điên rồ nhất từ phòng thí nghiệm của chúng tôi.', '2022-10-31 18:20:25', NULL, 'ao-thun-15.png', 1, 29),
(33, 'Áo Thun Local Brand Unisex Teelab Gambling Cats / Đen TS150', 169000, 100, 'TEELAB nơi bạn có thể thỏa sức thử nghiệm phong cách của mình. Được thành lập vào 2020 với rất nhiều những sự biến động của xã hội, TEELAB bắt đầu chặng đường viết lên câu chuyện của riêng mình. Khi văn hóa đường phố dần trở nên phổ biến hơn cũng là lúc nhu cầu được thỏa mãn đam mê về thời trang của những GenZ mãnh liệt hơn bao giờ hết. TEELAB, phòng thí nghiệm về thời trang và những thiết kế mang đậm tinh thần TEELAB của chúng tôi “Your body is your greatest canvas” hứa hẹn sẽ mang đến cho các bạn trẻ Việt Nam nhiều trải nghiệm thú vị và mới mẻ về thời trang đường phố. Đội ngũ Fashion Scientist của TEELAB luôn cố gắng hoàn thiện và phát triển sản phầm, để có thể mang tới cho khách hàng những sản phẩm có chất lượng tốt nhất, được nghiên cứu kỹ càng và đáp ứng những tiêu chuẩn điên rồ nhất từ phòng thí nghiệm của chúng tôi.', '2022-10-31 18:30:39', NULL, 'ao-thun-16.png', 1, 29),
(34, 'Áo Thun Local Brand Unisex Teelab Cyborg Rabbit TS144', 169000, 100, 'TEELAB nơi bạn có thể thỏa sức thử nghiệm phong cách của mình. Được thành lập vào 2020 với rất nhiều những sự biến động của xã hội, TEELAB bắt đầu chặng đường viết lên câu chuyện của riêng mình. Khi văn hóa đường phố dần trở nên phổ biến hơn cũng là lúc nhu cầu được thỏa mãn đam mê về thời trang của những GenZ mãnh liệt hơn bao giờ hết. TEELAB, phòng thí nghiệm về thời trang và những thiết kế mang đậm tinh thần TEELAB của chúng tôi “Your body is your greatest canvas” hứa hẹn sẽ mang đến cho các bạn trẻ Việt Nam nhiều trải nghiệm thú vị và mới mẻ về thời trang đường phố. Đội ngũ Fashion Scientist của TEELAB luôn cố gắng hoàn thiện và phát triển sản phầm, để có thể mang tới cho khách hàng những sản phẩm có chất lượng tốt nhất, được nghiên cứu kỹ càng và đáp ứng những tiêu chuẩn điên rồ nhất từ phòng thí nghiệm của chúng tôi.', '2022-10-31 18:30:39', NULL, 'ao-thun-17.png', 1, 29),
(35, 'Áo Thun Local Brand Unisex Teelab Summer World Tour / Nâu TS153', 169000, 100, 'TEELAB nơi bạn có thể thỏa sức thử nghiệm phong cách của mình. Được thành lập vào 2020 với rất nhiều những sự biến động của xã hội, TEELAB bắt đầu chặng đường viết lên câu chuyện của riêng mình. Khi văn hóa đường phố dần trở nên phổ biến hơn cũng là lúc nhu cầu được thỏa mãn đam mê về thời trang của những GenZ mãnh liệt hơn bao giờ hết. TEELAB, phòng thí nghiệm về thời trang và những thiết kế mang đậm tinh thần TEELAB của chúng tôi “Your body is your greatest canvas” hứa hẹn sẽ mang đến cho các bạn trẻ Việt Nam nhiều trải nghiệm thú vị và mới mẻ về thời trang đường phố. Đội ngũ Fashion Scientist của TEELAB luôn cố gắng hoàn thiện và phát triển sản phầm, để có thể mang tới cho khách hàng những sản phẩm có chất lượng tốt nhất, được nghiên cứu kỹ càng và đáp ứng những tiêu chuẩn điên rồ nhất từ phòng thí nghiệm của chúng tôi.', '2022-10-31 18:32:07', NULL, 'ao-thun-18.png', 1, 29),
(36, 'Áo Thun Local Brand Unisex Teelab Summer World Tour / Kem TS153', 169000, 100, 'TEELAB nơi bạn có thể thỏa sức thử nghiệm phong cách của mình. Được thành lập vào 2020 với rất nhiều những sự biến động của xã hội, TEELAB bắt đầu chặng đường viết lên câu chuyện của riêng mình. Khi văn hóa đường phố dần trở nên phổ biến hơn cũng là lúc nhu cầu được thỏa mãn đam mê về thời trang của những GenZ mãnh liệt hơn bao giờ hết. TEELAB, phòng thí nghiệm về thời trang và những thiết kế mang đậm tinh thần TEELAB của chúng tôi “Your body is your greatest canvas” hứa hẹn sẽ mang đến cho các bạn trẻ Việt Nam nhiều trải nghiệm thú vị và mới mẻ về thời trang đường phố. Đội ngũ Fashion Scientist của TEELAB luôn cố gắng hoàn thiện và phát triển sản phầm, để có thể mang tới cho khách hàng những sản phẩm có chất lượng tốt nhất, được nghiên cứu kỹ càng và đáp ứng những tiêu chuẩn điên rồ nhất từ phòng thí nghiệm của chúng tôi.', '2022-10-31 18:18:59', NULL, 'ao-thun-19.png', 1, 29),
(37, 'Áo Thun Local Brand Unisex Teelab Gambling Cats / Đen TS150', 169000, 100, 'TEELAB nơi bạn có thể thỏa sức thử nghiệm phong cách của mình. Được thành lập vào 2020 với rất nhiều những sự biến động của xã hội, TEELAB bắt đầu chặng đường viết lên câu chuyện của riêng mình. Khi văn hóa đường phố dần trở nên phổ biến hơn cũng là lúc nhu cầu được thỏa mãn đam mê về thời trang của những GenZ mãnh liệt hơn bao giờ hết. TEELAB, phòng thí nghiệm về thời trang và những thiết kế mang đậm tinh thần TEELAB của chúng tôi “Your body is your greatest canvas” hứa hẹn sẽ mang đến cho các bạn trẻ Việt Nam nhiều trải nghiệm thú vị và mới mẻ về thời trang đường phố. Đội ngũ Fashion Scientist của TEELAB luôn cố gắng hoàn thiện và phát triển sản phầm, để có thể mang tới cho khách hàng những sản phẩm có chất lượng tốt nhất, được nghiên cứu kỹ càng và đáp ứng những tiêu chuẩn điên rồ nhất từ phòng thí nghiệm của chúng tôi.', '2022-10-31 18:18:59', NULL, 'ao-thun-20.png', 1, 29),
(38, 'Áo Thun Local Brand Unisex Teelab Cyborg Rabbit TS144', 169000, 100, 'TEELAB nơi bạn có thể thỏa sức thử nghiệm phong cách của mình. Được thành lập vào 2020 với rất nhiều những sự biến động của xã hội, TEELAB bắt đầu chặng đường viết lên câu chuyện của riêng mình. Khi văn hóa đường phố dần trở nên phổ biến hơn cũng là lúc nhu cầu được thỏa mãn đam mê về thời trang của những GenZ mãnh liệt hơn bao giờ hết. TEELAB, phòng thí nghiệm về thời trang và những thiết kế mang đậm tinh thần TEELAB của chúng tôi “Your body is your greatest canvas” hứa hẹn sẽ mang đến cho các bạn trẻ Việt Nam nhiều trải nghiệm thú vị và mới mẻ về thời trang đường phố. Đội ngũ Fashion Scientist của TEELAB luôn cố gắng hoàn thiện và phát triển sản phầm, để có thể mang tới cho khách hàng những sản phẩm có chất lượng tốt nhất, được nghiên cứu kỹ càng và đáp ứng những tiêu chuẩn điên rồ nhất từ phòng thí nghiệm của chúng tôi.', '2022-10-31 18:18:59', NULL, 'ao-thun-21.png', 1, 29),
(39, 'Áo Thun Local Brand Unisex Teelab Cat Vibe TS161', 169000, 100, 'TEELAB nơi bạn có thể thỏa sức thử nghiệm phong cách của mình. Được thành lập vào 2020 với rất nhiều những sự biến động của xã hội, TEELAB bắt đầu chặng đường viết lên câu chuyện của riêng mình. Khi văn hóa đường phố dần trở nên phổ biến hơn cũng là lúc nhu cầu được thỏa mãn đam mê về thời trang của những GenZ mãnh liệt hơn bao giờ hết. TEELAB, phòng thí nghiệm về thời trang và những thiết kế mang đậm tinh thần TEELAB của chúng tôi “Your body is your greatest canvas” hứa hẹn sẽ mang đến cho các bạn trẻ Việt Nam nhiều trải nghiệm thú vị và mới mẻ về thời trang đường phố. Đội ngũ Fashion Scientist của TEELAB luôn cố gắng hoàn thiện và phát triển sản phầm, để có thể mang tới cho khách hàng những sản phẩm có chất lượng tốt nhất, được nghiên cứu kỹ càng và đáp ứng những tiêu chuẩn điên rồ nhất từ phòng thí nghiệm của chúng tôi.', '2022-10-31 18:30:39', NULL, 'ao-thun-22.png', 1, 29),
(40, 'Áo Thun Local Brand Unisex Teelab Summer World Tour / Nâu TS153', 169000, 100, 'TEELAB nơi bạn có thể thỏa sức thử nghiệm phong cách của mình. Được thành lập vào 2020 với rất nhiều những sự biến động của xã hội, TEELAB bắt đầu chặng đường viết lên câu chuyện của riêng mình. Khi văn hóa đường phố dần trở nên phổ biến hơn cũng là lúc nhu cầu được thỏa mãn đam mê về thời trang của những GenZ mãnh liệt hơn bao giờ hết. TEELAB, phòng thí nghiệm về thời trang và những thiết kế mang đậm tinh thần TEELAB của chúng tôi “Your body is your greatest canvas” hứa hẹn sẽ mang đến cho các bạn trẻ Việt Nam nhiều trải nghiệm thú vị và mới mẻ về thời trang đường phố. Đội ngũ Fashion Scientist của TEELAB luôn cố gắng hoàn thiện và phát triển sản phầm, để có thể mang tới cho khách hàng những sản phẩm có chất lượng tốt nhất, được nghiên cứu kỹ càng và đáp ứng những tiêu chuẩn điên rồ nhất từ phòng thí nghiệm của chúng tôi.', '2022-10-31 18:30:39', NULL, 'ao-thun-23.png', 1, 29),
(41, 'Áo Thun Local Brand Unisex Teelab Summer World Tour / Kem TS153', 169000, 100, 'TEELAB nơi bạn có thể thỏa sức thử nghiệm phong cách của mình. Được thành lập vào 2020 với rất nhiều những sự biến động của xã hội, TEELAB bắt đầu chặng đường viết lên câu chuyện của riêng mình. Khi văn hóa đường phố dần trở nên phổ biến hơn cũng là lúc nhu cầu được thỏa mãn đam mê về thời trang của những GenZ mãnh liệt hơn bao giờ hết. TEELAB, phòng thí nghiệm về thời trang và những thiết kế mang đậm tinh thần TEELAB của chúng tôi “Your body is your greatest canvas” hứa hẹn sẽ mang đến cho các bạn trẻ Việt Nam nhiều trải nghiệm thú vị và mới mẻ về thời trang đường phố. Đội ngũ Fashion Scientist của TEELAB luôn cố gắng hoàn thiện và phát triển sản phầm, để có thể mang tới cho khách hàng những sản phẩm có chất lượng tốt nhất, được nghiên cứu kỹ càng và đáp ứng những tiêu chuẩn điên rồ nhất từ phòng thí nghiệm của chúng tôi.', '2022-10-31 18:20:25', NULL, 'ao-thun-24.png', 1, 29),
(126, 'Áo Polo Local Brand Unisex Teelab Cat Vibe TS161', 139000, 97, 'TEELAB nơi bạn có thể thỏa sức thử nghiệm phong cách của mình. Được thành lập vào 2020 với rất nhiều những sự biến động của xã hội, TEELAB bắt đầu chặng đường viết lên câu chuyện của riêng mình. Khi văn hóa đường phố dần trở nên phổ biến hơn cũng là lúc nhu cầu được thỏa mãn đam mê về thời trang của những GenZ mãnh liệt hơn bao giờ hết. TEELAB, phòng thí nghiệm về thời trang và những thiết kế mang đậm tinh thần TEELAB của chúng tôi “Your body is your greatest canvas” hứa hẹn sẽ mang đến cho các bạn trẻ Việt Nam nhiều trải nghiệm thú vị và mới mẻ về thời trang đường phố. Đội ngũ Fashion Scientist của TEELAB luôn cố gắng hoàn thiện và phát triển sản phầm, để có thể mang tới cho khách hàng những sản phẩm có chất lượng tốt nhất, được nghiên cứu kỹ càng và đáp ứng những tiêu chuẩn điên rồ nhất từ phòng thí nghiệm của chúng tôi.', '2022-10-31 18:41:09', NULL, 'ao-polo-1.png', 1, 30),
(131, 'Áo Polo Local Brand Unisex Teelab Summer World Tour / Nâu TS153', 159000, 100, 'TEELAB nơi bạn có thể thỏa sức thử nghiệm phong cách của mình. Được thành lập vào 2020 với rất nhiều những sự biến động của xã hội, TEELAB bắt đầu chặng đường viết lên câu chuyện của riêng mình. Khi văn hóa đường phố dần trở nên phổ biến hơn cũng là lúc nhu cầu được thỏa mãn đam mê về thời trang của những GenZ mãnh liệt hơn bao giờ hết. TEELAB, phòng thí nghiệm về thời trang và những thiết kế mang đậm tinh thần TEELAB của chúng tôi “Your body is your greatest canvas” hứa hẹn sẽ mang đến cho các bạn trẻ Việt Nam nhiều trải nghiệm thú vị và mới mẻ về thời trang đường phố. Đội ngũ Fashion Scientist của TEELAB luôn cố gắng hoàn thiện và phát triển sản phầm, để có thể mang tới cho khách hàng những sản phẩm có chất lượng tốt nhất, được nghiên cứu kỹ càng và đáp ứng những tiêu chuẩn điên rồ nhất từ phòng thí nghiệm của chúng tôi.', '2022-10-31 18:42:18', NULL, 'ao-polo-2.png', 1, 30),
(132, 'Áo Polo Local Brand Unisex Teelab Summer World Tour / Kem TS153', 129000, 100, 'TEELAB nơi bạn có thể thỏa sức thử nghiệm phong cách của mình. Được thành lập vào 2020 với rất nhiều những sự biến động của xã hội, TEELAB bắt đầu chặng đường viết lên câu chuyện của riêng mình. Khi văn hóa đường phố dần trở nên phổ biến hơn cũng là lúc nhu cầu được thỏa mãn đam mê về thời trang của những GenZ mãnh liệt hơn bao giờ hết. TEELAB, phòng thí nghiệm về thời trang và những thiết kế mang đậm tinh thần TEELAB của chúng tôi “Your body is your greatest canvas” hứa hẹn sẽ mang đến cho các bạn trẻ Việt Nam nhiều trải nghiệm thú vị và mới mẻ về thời trang đường phố. Đội ngũ Fashion Scientist của TEELAB luôn cố gắng hoàn thiện và phát triển sản phầm, để có thể mang tới cho khách hàng những sản phẩm có chất lượng tốt nhất, được nghiên cứu kỹ càng và đáp ứng những tiêu chuẩn điên rồ nhất từ phòng thí nghiệm của chúng tôi.', '2022-10-31 18:42:18', NULL, 'ao-polo-3.png', 1, 30),
(133, 'Áo Polo Local Brand Unisex Teelab Gambling Cats / Đen TS150', 169000, 100, 'TEELAB nơi bạn có thể thỏa sức thử nghiệm phong cách của mình. Được thành lập vào 2020 với rất nhiều những sự biến động của xã hội, TEELAB bắt đầu chặng đường viết lên câu chuyện của riêng mình. Khi văn hóa đường phố dần trở nên phổ biến hơn cũng là lúc nhu cầu được thỏa mãn đam mê về thời trang của những GenZ mãnh liệt hơn bao giờ hết. TEELAB, phòng thí nghiệm về thời trang và những thiết kế mang đậm tinh thần TEELAB của chúng tôi “Your body is your greatest canvas” hứa hẹn sẽ mang đến cho các bạn trẻ Việt Nam nhiều trải nghiệm thú vị và mới mẻ về thời trang đường phố. Đội ngũ Fashion Scientist của TEELAB luôn cố gắng hoàn thiện và phát triển sản phầm, để có thể mang tới cho khách hàng những sản phẩm có chất lượng tốt nhất, được nghiên cứu kỹ càng và đáp ứng những tiêu chuẩn điên rồ nhất từ phòng thí nghiệm của chúng tôi.', '2022-10-31 18:42:18', NULL, 'ao-polo-4.png', 1, 30),
(134, 'Áo Polo Local Brand Unisex Teelab Cyborg Rabbit TS144', 139000, 100, 'TEELAB nơi bạn có thể thỏa sức thử nghiệm phong cách của mình. Được thành lập vào 2020 với rất nhiều những sự biến động của xã hội, TEELAB bắt đầu chặng đường viết lên câu chuyện của riêng mình. Khi văn hóa đường phố dần trở nên phổ biến hơn cũng là lúc nhu cầu được thỏa mãn đam mê về thời trang của những GenZ mãnh liệt hơn bao giờ hết. TEELAB, phòng thí nghiệm về thời trang và những thiết kế mang đậm tinh thần TEELAB của chúng tôi “Your body is your greatest canvas” hứa hẹn sẽ mang đến cho các bạn trẻ Việt Nam nhiều trải nghiệm thú vị và mới mẻ về thời trang đường phố. Đội ngũ Fashion Scientist của TEELAB luôn cố gắng hoàn thiện và phát triển sản phầm, để có thể mang tới cho khách hàng những sản phẩm có chất lượng tốt nhất, được nghiên cứu kỹ càng và đáp ứng những tiêu chuẩn điên rồ nhất từ phòng thí nghiệm của chúng tôi.', '2022-10-31 18:42:18', NULL, 'ao-polo-5.png', 1, 30),
(135, 'Áo Polo Local Brand Unisex Teelab Cyberpunk TS143', 169000, 100, 'TEELAB nơi bạn có thể thỏa sức thử nghiệm phong cách của mình. Được thành lập vào 2020 với rất nhiều những sự biến động của xã hội, TEELAB bắt đầu chặng đường viết lên câu chuyện của riêng mình. Khi văn hóa đường phố dần trở nên phổ biến hơn cũng là lúc nhu cầu được thỏa mãn đam mê về thời trang của những GenZ mãnh liệt hơn bao giờ hết. TEELAB, phòng thí nghiệm về thời trang và những thiết kế mang đậm tinh thần TEELAB của chúng tôi “Your body is your greatest canvas” hứa hẹn sẽ mang đến cho các bạn trẻ Việt Nam nhiều trải nghiệm thú vị và mới mẻ về thời trang đường phố. Đội ngũ Fashion Scientist của TEELAB luôn cố gắng hoàn thiện và phát triển sản phầm, để có thể mang tới cho khách hàng những sản phẩm có chất lượng tốt nhất, được nghiên cứu kỹ càng và đáp ứng những tiêu chuẩn điên rồ nhất từ phòng thí nghiệm của chúng tôi.', '2022-10-31 18:46:50', NULL, 'ao-polo-6.png', 1, 30),
(136, 'Áo Polo Local Brand Unisex Teelab Space Program: to Infinity and Beyond / Kem TS141', 159000, 100, 'TEELAB nơi bạn có thể thỏa sức thử nghiệm phong cách của mình. Được thành lập vào 2020 với rất nhiều những sự biến động của xã hội, TEELAB bắt đầu chặng đường viết lên câu chuyện của riêng mình. Khi văn hóa đường phố dần trở nên phổ biến hơn cũng là lúc nhu cầu được thỏa mãn đam mê về thời trang của những GenZ mãnh liệt hơn bao giờ hết. TEELAB, phòng thí nghiệm về thời trang và những thiết kế mang đậm tinh thần TEELAB của chúng tôi “Your body is your greatest canvas” hứa hẹn sẽ mang đến cho các bạn trẻ Việt Nam nhiều trải nghiệm thú vị và mới mẻ về thời trang đường phố. Đội ngũ Fashion Scientist của TEELAB luôn cố gắng hoàn thiện và phát triển sản phầm, để có thể mang tới cho khách hàng những sản phẩm có chất lượng tốt nhất, được nghiên cứu kỹ càng và đáp ứng những tiêu chuẩn điên rồ nhất từ phòng thí nghiệm của chúng tôi.', '2022-10-31 18:46:50', NULL, 'ao-polo-7.png', 1, 30),
(137, 'Áo Polo Local Brand Unisex Teelab Cat Vibe TS161', 139000, 100, 'TEELAB nơi bạn có thể thỏa sức thử nghiệm phong cách của mình. Được thành lập vào 2020 với rất nhiều những sự biến động của xã hội, TEELAB bắt đầu chặng đường viết lên câu chuyện của riêng mình. Khi văn hóa đường phố dần trở nên phổ biến hơn cũng là lúc nhu cầu được thỏa mãn đam mê về thời trang của những GenZ mãnh liệt hơn bao giờ hết. TEELAB, phòng thí nghiệm về thời trang và những thiết kế mang đậm tinh thần TEELAB của chúng tôi “Your body is your greatest canvas” hứa hẹn sẽ mang đến cho các bạn trẻ Việt Nam nhiều trải nghiệm thú vị và mới mẻ về thời trang đường phố. Đội ngũ Fashion Scientist của TEELAB luôn cố gắng hoàn thiện và phát triển sản phầm, để có thể mang tới cho khách hàng những sản phẩm có chất lượng tốt nhất, được nghiên cứu kỹ càng và đáp ứng những tiêu chuẩn điên rồ nhất từ phòng thí nghiệm của chúng tôi.', '2022-10-31 18:46:50', NULL, 'ao-polo-8.png', 1, 30),
(138, 'Áo Polo Local Brand Unisex Teelab Summer World Tour / Nâu TS153', 139000, 100, 'TEELAB nơi bạn có thể thỏa sức thử nghiệm phong cách của mình. Được thành lập vào 2020 với rất nhiều những sự biến động của xã hội, TEELAB bắt đầu chặng đường viết lên câu chuyện của riêng mình. Khi văn hóa đường phố dần trở nên phổ biến hơn cũng là lúc nhu cầu được thỏa mãn đam mê về thời trang của những GenZ mãnh liệt hơn bao giờ hết. TEELAB, phòng thí nghiệm về thời trang và những thiết kế mang đậm tinh thần TEELAB của chúng tôi “Your body is your greatest canvas” hứa hẹn sẽ mang đến cho các bạn trẻ Việt Nam nhiều trải nghiệm thú vị và mới mẻ về thời trang đường phố. Đội ngũ Fashion Scientist của TEELAB luôn cố gắng hoàn thiện và phát triển sản phầm, để có thể mang tới cho khách hàng những sản phẩm có chất lượng tốt nhất, được nghiên cứu kỹ càng và đáp ứng những tiêu chuẩn điên rồ nhất từ phòng thí nghiệm của chúng tôi.', '2022-10-31 18:46:50', NULL, 'ao-polo-9.png', 1, 30),
(139, 'Áo Polo Local Brand Unisex Teelab Summer World Tour / Kem TS153', 129000, 100, 'TEELAB nơi bạn có thể thỏa sức thử nghiệm phong cách của mình. Được thành lập vào 2020 với rất nhiều những sự biến động của xã hội, TEELAB bắt đầu chặng đường viết lên câu chuyện của riêng mình. Khi văn hóa đường phố dần trở nên phổ biến hơn cũng là lúc nhu cầu được thỏa mãn đam mê về thời trang của những GenZ mãnh liệt hơn bao giờ hết. TEELAB, phòng thí nghiệm về thời trang và những thiết kế mang đậm tinh thần TEELAB của chúng tôi “Your body is your greatest canvas” hứa hẹn sẽ mang đến cho các bạn trẻ Việt Nam nhiều trải nghiệm thú vị và mới mẻ về thời trang đường phố. Đội ngũ Fashion Scientist của TEELAB luôn cố gắng hoàn thiện và phát triển sản phầm, để có thể mang tới cho khách hàng những sản phẩm có chất lượng tốt nhất, được nghiên cứu kỹ càng và đáp ứng những tiêu chuẩn điên rồ nhất từ phòng thí nghiệm của chúng tôi.', '2022-10-31 18:46:50', NULL, 'ao-polo-10.png', 1, 30),
(140, 'Áo Polo Local Brand Unisex Teelab Cat Vibe TS161', 139000, 100, 'TEELAB nơi bạn có thể thỏa sức thử nghiệm phong cách của mình. Được thành lập vào 2020 với rất nhiều những sự biến động của xã hội, TEELAB bắt đầu chặng đường viết lên câu chuyện của riêng mình. Khi văn hóa đường phố dần trở nên phổ biến hơn cũng là lúc nhu cầu được thỏa mãn đam mê về thời trang của những GenZ mãnh liệt hơn bao giờ hết. TEELAB, phòng thí nghiệm về thời trang và những thiết kế mang đậm tinh thần TEELAB của chúng tôi “Your body is your greatest canvas” hứa hẹn sẽ mang đến cho các bạn trẻ Việt Nam nhiều trải nghiệm thú vị và mới mẻ về thời trang đường phố. Đội ngũ Fashion Scientist của TEELAB luôn cố gắng hoàn thiện và phát triển sản phầm, để có thể mang tới cho khách hàng những sản phẩm có chất lượng tốt nhất, được nghiên cứu kỹ càng và đáp ứng những tiêu chuẩn điên rồ nhất từ phòng thí nghiệm của chúng tôi.', '2022-10-31 18:48:43', NULL, 'ao-polo-11.png', 1, 30),
(141, 'Áo Polo Local Brand Unisex Teelab Summer World Tour / Nâu TS153', 159000, 100, 'TEELAB nơi bạn có thể thỏa sức thử nghiệm phong cách của mình. Được thành lập vào 2020 với rất nhiều những sự biến động của xã hội, TEELAB bắt đầu chặng đường viết lên câu chuyện của riêng mình. Khi văn hóa đường phố dần trở nên phổ biến hơn cũng là lúc nhu cầu được thỏa mãn đam mê về thời trang của những GenZ mãnh liệt hơn bao giờ hết. TEELAB, phòng thí nghiệm về thời trang và những thiết kế mang đậm tinh thần TEELAB của chúng tôi “Your body is your greatest canvas” hứa hẹn sẽ mang đến cho các bạn trẻ Việt Nam nhiều trải nghiệm thú vị và mới mẻ về thời trang đường phố. Đội ngũ Fashion Scientist của TEELAB luôn cố gắng hoàn thiện và phát triển sản phầm, để có thể mang tới cho khách hàng những sản phẩm có chất lượng tốt nhất, được nghiên cứu kỹ càng và đáp ứng những tiêu chuẩn điên rồ nhất từ phòng thí nghiệm của chúng tôi.', '2022-10-31 18:48:43', NULL, 'ao-polo-12.png', 1, 30),
(142, 'Áo Polo Local Brand Unisex Teelab Summer World Tour / Kem TS153', 129000, 100, 'TEELAB nơi bạn có thể thỏa sức thử nghiệm phong cách của mình. Được thành lập vào 2020 với rất nhiều những sự biến động của xã hội, TEELAB bắt đầu chặng đường viết lên câu chuyện của riêng mình. Khi văn hóa đường phố dần trở nên phổ biến hơn cũng là lúc nhu cầu được thỏa mãn đam mê về thời trang của những GenZ mãnh liệt hơn bao giờ hết. TEELAB, phòng thí nghiệm về thời trang và những thiết kế mang đậm tinh thần TEELAB của chúng tôi “Your body is your greatest canvas” hứa hẹn sẽ mang đến cho các bạn trẻ Việt Nam nhiều trải nghiệm thú vị và mới mẻ về thời trang đường phố. Đội ngũ Fashion Scientist của TEELAB luôn cố gắng hoàn thiện và phát triển sản phầm, để có thể mang tới cho khách hàng những sản phẩm có chất lượng tốt nhất, được nghiên cứu kỹ càng và đáp ứng những tiêu chuẩn điên rồ nhất từ phòng thí nghiệm của chúng tôi.', '2022-10-31 18:48:43', NULL, 'ao-polo-13.png', 1, 30),
(143, 'Áo Polo Local Brand Unisex Teelab Gambling Cats / Đen TS150', 169000, 100, 'TEELAB nơi bạn có thể thỏa sức thử nghiệm phong cách của mình. Được thành lập vào 2020 với rất nhiều những sự biến động của xã hội, TEELAB bắt đầu chặng đường viết lên câu chuyện của riêng mình. Khi văn hóa đường phố dần trở nên phổ biến hơn cũng là lúc nhu cầu được thỏa mãn đam mê về thời trang của những GenZ mãnh liệt hơn bao giờ hết. TEELAB, phòng thí nghiệm về thời trang và những thiết kế mang đậm tinh thần TEELAB của chúng tôi “Your body is your greatest canvas” hứa hẹn sẽ mang đến cho các bạn trẻ Việt Nam nhiều trải nghiệm thú vị và mới mẻ về thời trang đường phố. Đội ngũ Fashion Scientist của TEELAB luôn cố gắng hoàn thiện và phát triển sản phầm, để có thể mang tới cho khách hàng những sản phẩm có chất lượng tốt nhất, được nghiên cứu kỹ càng và đáp ứng những tiêu chuẩn điên rồ nhất từ phòng thí nghiệm của chúng tôi.', '2022-10-31 18:48:43', NULL, 'ao-polo-14.png', 1, 30),
(144, 'Áo Polo Local Brand Unisex Teelab Cyborg Rabbit TS144', 139000, 100, 'TEELAB nơi bạn có thể thỏa sức thử nghiệm phong cách của mình. Được thành lập vào 2020 với rất nhiều những sự biến động của xã hội, TEELAB bắt đầu chặng đường viết lên câu chuyện của riêng mình. Khi văn hóa đường phố dần trở nên phổ biến hơn cũng là lúc nhu cầu được thỏa mãn đam mê về thời trang của những GenZ mãnh liệt hơn bao giờ hết. TEELAB, phòng thí nghiệm về thời trang và những thiết kế mang đậm tinh thần TEELAB của chúng tôi “Your body is your greatest canvas” hứa hẹn sẽ mang đến cho các bạn trẻ Việt Nam nhiều trải nghiệm thú vị và mới mẻ về thời trang đường phố. Đội ngũ Fashion Scientist của TEELAB luôn cố gắng hoàn thiện và phát triển sản phầm, để có thể mang tới cho khách hàng những sản phẩm có chất lượng tốt nhất, được nghiên cứu kỹ càng và đáp ứng những tiêu chuẩn điên rồ nhất từ phòng thí nghiệm của chúng tôi.', '2022-10-31 18:48:43', NULL, 'ao-polo-15.png', 1, 30),
(145, 'Áo Polo Local Brand Unisex Teelab Cyberpunk TS143', 169000, 100, 'TEELAB nơi bạn có thể thỏa sức thử nghiệm phong cách của mình. Được thành lập vào 2020 với rất nhiều những sự biến động của xã hội, TEELAB bắt đầu chặng đường viết lên câu chuyện của riêng mình. Khi văn hóa đường phố dần trở nên phổ biến hơn cũng là lúc nhu cầu được thỏa mãn đam mê về thời trang của những GenZ mãnh liệt hơn bao giờ hết. TEELAB, phòng thí nghiệm về thời trang và những thiết kế mang đậm tinh thần TEELAB của chúng tôi “Your body is your greatest canvas” hứa hẹn sẽ mang đến cho các bạn trẻ Việt Nam nhiều trải nghiệm thú vị và mới mẻ về thời trang đường phố. Đội ngũ Fashion Scientist của TEELAB luôn cố gắng hoàn thiện và phát triển sản phầm, để có thể mang tới cho khách hàng những sản phẩm có chất lượng tốt nhất, được nghiên cứu kỹ càng và đáp ứng những tiêu chuẩn điên rồ nhất từ phòng thí nghiệm của chúng tôi.', '2022-10-31 18:48:43', NULL, 'ao-polo-16.png', 1, 30),
(146, 'Áo Polo Local Brand Unisex Teelab Space Program: to Infinity and Beyond / Kem TS141', 159000, 100, 'TEELAB nơi bạn có thể thỏa sức thử nghiệm phong cách của mình. Được thành lập vào 2020 với rất nhiều những sự biến động của xã hội, TEELAB bắt đầu chặng đường viết lên câu chuyện của riêng mình. Khi văn hóa đường phố dần trở nên phổ biến hơn cũng là lúc nhu cầu được thỏa mãn đam mê về thời trang của những GenZ mãnh liệt hơn bao giờ hết. TEELAB, phòng thí nghiệm về thời trang và những thiết kế mang đậm tinh thần TEELAB của chúng tôi “Your body is your greatest canvas” hứa hẹn sẽ mang đến cho các bạn trẻ Việt Nam nhiều trải nghiệm thú vị và mới mẻ về thời trang đường phố. Đội ngũ Fashion Scientist của TEELAB luôn cố gắng hoàn thiện và phát triển sản phầm, để có thể mang tới cho khách hàng những sản phẩm có chất lượng tốt nhất, được nghiên cứu kỹ càng và đáp ứng những tiêu chuẩn điên rồ nhất từ phòng thí nghiệm của chúng tôi.', '2022-10-31 18:48:43', NULL, 'ao-polo-17.png', 1, 30),
(147, 'Áo Polo Local Brand Unisex Teelab Cat Vibe TS161', 139000, 100, 'TEELAB nơi bạn có thể thỏa sức thử nghiệm phong cách của mình. Được thành lập vào 2020 với rất nhiều những sự biến động của xã hội, TEELAB bắt đầu chặng đường viết lên câu chuyện của riêng mình. Khi văn hóa đường phố dần trở nên phổ biến hơn cũng là lúc nhu cầu được thỏa mãn đam mê về thời trang của những GenZ mãnh liệt hơn bao giờ hết. TEELAB, phòng thí nghiệm về thời trang và những thiết kế mang đậm tinh thần TEELAB của chúng tôi “Your body is your greatest canvas” hứa hẹn sẽ mang đến cho các bạn trẻ Việt Nam nhiều trải nghiệm thú vị và mới mẻ về thời trang đường phố. Đội ngũ Fashion Scientist của TEELAB luôn cố gắng hoàn thiện và phát triển sản phầm, để có thể mang tới cho khách hàng những sản phẩm có chất lượng tốt nhất, được nghiên cứu kỹ càng và đáp ứng những tiêu chuẩn điên rồ nhất từ phòng thí nghiệm của chúng tôi.', '2022-10-31 18:48:43', NULL, 'ao-polo-18.png', 1, 30),
(148, 'Áo Polo Local Brand Unisex Teelab Summer World Tour / Nâu TS153', 139000, 100, 'TEELAB nơi bạn có thể thỏa sức thử nghiệm phong cách của mình. Được thành lập vào 2020 với rất nhiều những sự biến động của xã hội, TEELAB bắt đầu chặng đường viết lên câu chuyện của riêng mình. Khi văn hóa đường phố dần trở nên phổ biến hơn cũng là lúc nhu cầu được thỏa mãn đam mê về thời trang của những GenZ mãnh liệt hơn bao giờ hết. TEELAB, phòng thí nghiệm về thời trang và những thiết kế mang đậm tinh thần TEELAB của chúng tôi “Your body is your greatest canvas” hứa hẹn sẽ mang đến cho các bạn trẻ Việt Nam nhiều trải nghiệm thú vị và mới mẻ về thời trang đường phố. Đội ngũ Fashion Scientist của TEELAB luôn cố gắng hoàn thiện và phát triển sản phầm, để có thể mang tới cho khách hàng những sản phẩm có chất lượng tốt nhất, được nghiên cứu kỹ càng và đáp ứng những tiêu chuẩn điên rồ nhất từ phòng thí nghiệm của chúng tôi.', '2022-10-31 18:48:43', NULL, 'ao-polo-19.png', 1, 30),
(149, 'Áo Polo Local Brand Unisex Teelab Summer World Tour / Kem TS153', 129000, 100, 'TEELAB nơi bạn có thể thỏa sức thử nghiệm phong cách của mình. Được thành lập vào 2020 với rất nhiều những sự biến động của xã hội, TEELAB bắt đầu chặng đường viết lên câu chuyện của riêng mình. Khi văn hóa đường phố dần trở nên phổ biến hơn cũng là lúc nhu cầu được thỏa mãn đam mê về thời trang của những GenZ mãnh liệt hơn bao giờ hết. TEELAB, phòng thí nghiệm về thời trang và những thiết kế mang đậm tinh thần TEELAB của chúng tôi “Your body is your greatest canvas” hứa hẹn sẽ mang đến cho các bạn trẻ Việt Nam nhiều trải nghiệm thú vị và mới mẻ về thời trang đường phố. Đội ngũ Fashion Scientist của TEELAB luôn cố gắng hoàn thiện và phát triển sản phầm, để có thể mang tới cho khách hàng những sản phẩm có chất lượng tốt nhất, được nghiên cứu kỹ càng và đáp ứng những tiêu chuẩn điên rồ nhất từ phòng thí nghiệm của chúng tôi.', '2022-10-31 18:48:43', NULL, 'ao-polo-20.png', 1, 30),
(150, 'Áo Polo Local Brand Unisex Teelab Cat Vibe TS161', 139000, 100, 'TEELAB nơi bạn có thể thỏa sức thử nghiệm phong cách của mình. Được thành lập vào 2020 với rất nhiều những sự biến động của xã hội, TEELAB bắt đầu chặng đường viết lên câu chuyện của riêng mình. Khi văn hóa đường phố dần trở nên phổ biến hơn cũng là lúc nhu cầu được thỏa mãn đam mê về thời trang của những GenZ mãnh liệt hơn bao giờ hết. TEELAB, phòng thí nghiệm về thời trang và những thiết kế mang đậm tinh thần TEELAB của chúng tôi “Your body is your greatest canvas” hứa hẹn sẽ mang đến cho các bạn trẻ Việt Nam nhiều trải nghiệm thú vị và mới mẻ về thời trang đường phố. Đội ngũ Fashion Scientist của TEELAB luôn cố gắng hoàn thiện và phát triển sản phầm, để có thể mang tới cho khách hàng những sản phẩm có chất lượng tốt nhất, được nghiên cứu kỹ càng và đáp ứng những tiêu chuẩn điên rồ nhất từ phòng thí nghiệm của chúng tôi.', '2022-10-31 18:49:43', NULL, 'ao-polo-21.png', 1, 30),
(151, 'Áo Polo Local Brand Unisex Teelab Summer World Tour / Nâu TS153', 159000, 100, 'TEELAB nơi bạn có thể thỏa sức thử nghiệm phong cách của mình. Được thành lập vào 2020 với rất nhiều những sự biến động của xã hội, TEELAB bắt đầu chặng đường viết lên câu chuyện của riêng mình. Khi văn hóa đường phố dần trở nên phổ biến hơn cũng là lúc nhu cầu được thỏa mãn đam mê về thời trang của những GenZ mãnh liệt hơn bao giờ hết. TEELAB, phòng thí nghiệm về thời trang và những thiết kế mang đậm tinh thần TEELAB của chúng tôi “Your body is your greatest canvas” hứa hẹn sẽ mang đến cho các bạn trẻ Việt Nam nhiều trải nghiệm thú vị và mới mẻ về thời trang đường phố. Đội ngũ Fashion Scientist của TEELAB luôn cố gắng hoàn thiện và phát triển sản phầm, để có thể mang tới cho khách hàng những sản phẩm có chất lượng tốt nhất, được nghiên cứu kỹ càng và đáp ứng những tiêu chuẩn điên rồ nhất từ phòng thí nghiệm của chúng tôi.', '2022-10-31 18:49:43', NULL, 'ao-polo-22.png', 1, 30),
(152, 'Áo Polo Local Brand Unisex Teelab Summer World Tour / Kem TS153', 129000, 100, 'TEELAB nơi bạn có thể thỏa sức thử nghiệm phong cách của mình. Được thành lập vào 2020 với rất nhiều những sự biến động của xã hội, TEELAB bắt đầu chặng đường viết lên câu chuyện của riêng mình. Khi văn hóa đường phố dần trở nên phổ biến hơn cũng là lúc nhu cầu được thỏa mãn đam mê về thời trang của những GenZ mãnh liệt hơn bao giờ hết. TEELAB, phòng thí nghiệm về thời trang và những thiết kế mang đậm tinh thần TEELAB của chúng tôi “Your body is your greatest canvas” hứa hẹn sẽ mang đến cho các bạn trẻ Việt Nam nhiều trải nghiệm thú vị và mới mẻ về thời trang đường phố. Đội ngũ Fashion Scientist của TEELAB luôn cố gắng hoàn thiện và phát triển sản phầm, để có thể mang tới cho khách hàng những sản phẩm có chất lượng tốt nhất, được nghiên cứu kỹ càng và đáp ứng những tiêu chuẩn điên rồ nhất từ phòng thí nghiệm của chúng tôi.', '2022-10-31 18:49:43', NULL, 'ao-polo-23.png', 1, 30),
(153, 'Áo Polo Local Brand Unisex Teelab Gambling Cats / Đen TS150', 169000, 100, 'TEELAB nơi bạn có thể thỏa sức thử nghiệm phong cách của mình. Được thành lập vào 2020 với rất nhiều những sự biến động của xã hội, TEELAB bắt đầu chặng đường viết lên câu chuyện của riêng mình. Khi văn hóa đường phố dần trở nên phổ biến hơn cũng là lúc nhu cầu được thỏa mãn đam mê về thời trang của những GenZ mãnh liệt hơn bao giờ hết. TEELAB, phòng thí nghiệm về thời trang và những thiết kế mang đậm tinh thần TEELAB của chúng tôi “Your body is your greatest canvas” hứa hẹn sẽ mang đến cho các bạn trẻ Việt Nam nhiều trải nghiệm thú vị và mới mẻ về thời trang đường phố. Đội ngũ Fashion Scientist của TEELAB luôn cố gắng hoàn thiện và phát triển sản phầm, để có thể mang tới cho khách hàng những sản phẩm có chất lượng tốt nhất, được nghiên cứu kỹ càng và đáp ứng những tiêu chuẩn điên rồ nhất từ phòng thí nghiệm của chúng tôi.', '2022-10-31 18:49:43', NULL, 'ao-polo-24.png', 1, 30),
(157, 'Áo Sơ Mi Local Brand Unisex Teelab Gambling Cats / Đen TS150', 139000, 50, 'TEELAB nơi bạn có thể thỏa sức thử nghiệm phong cách của mình. Được thành lập vào 2020 với rất nhiều những sự biến động của xã hội, TEELAB bắt đầu chặng đường viết lên câu chuyện của riêng mình. Khi văn hóa đường phố dần trở nên phổ biến hơn cũng là lúc nhu cầu được thỏa mãn đam mê về thời trang của những GenZ mãnh liệt hơn bao giờ hết. TEELAB, phòng thí nghiệm về thời trang và những thiết kế mang đậm tinh thần TEELAB của chúng tôi “Your body is your greatest canvas” hứa hẹn sẽ mang đến cho các bạn trẻ Việt Nam nhiều trải nghiệm thú vị và mới mẻ về thời trang đường phố. Đội ngũ Fashion Scientist của TEELAB luôn cố gắng hoàn thiện và phát triển sản phầm, để có thể mang tới cho khách hàng những sản phẩm có chất lượng tốt nhất, được nghiên cứu kỹ càng và đáp ứng những tiêu chuẩn điên rồ nhất từ phòng thí nghiệm của chúng tôi.', '2022-10-31 19:01:36', NULL, 'ao-so-mi-4.png', 1, 31),
(158, 'Áo Sơ Mi Local Brand Unisex Teelab Cyborg Rabbit TS144', 179000, 100, 'TEELAB nơi bạn có thể thỏa sức thử nghiệm phong cách của mình. Được thành lập vào 2020 với rất nhiều những sự biến động của xã hội, TEELAB bắt đầu chặng đường viết lên câu chuyện của riêng mình. Khi văn hóa đường phố dần trở nên phổ biến hơn cũng là lúc nhu cầu được thỏa mãn đam mê về thời trang của những GenZ mãnh liệt hơn bao giờ hết. TEELAB, phòng thí nghiệm về thời trang và những thiết kế mang đậm tinh thần TEELAB của chúng tôi “Your body is your greatest canvas” hứa hẹn sẽ mang đến cho các bạn trẻ Việt Nam nhiều trải nghiệm thú vị và mới mẻ về thời trang đường phố. Đội ngũ Fashion Scientist của TEELAB luôn cố gắng hoàn thiện và phát triển sản phầm, để có thể mang tới cho khách hàng những sản phẩm có chất lượng tốt nhất, được nghiên cứu kỹ càng và đáp ứng những tiêu chuẩn điên rồ nhất từ phòng thí nghiệm của chúng tôi.', '2022-10-31 19:01:36', NULL, 'ao-so-mi-5.png', 1, 31),
(159, 'Áo Sơ Mi Local Brand Unisex Teelab Cyberpunk TS143', 139000, 100, 'TEELAB nơi bạn có thể thỏa sức thử nghiệm phong cách của mình. Được thành lập vào 2020 với rất nhiều những sự biến động của xã hội, TEELAB bắt đầu chặng đường viết lên câu chuyện của riêng mình. Khi văn hóa đường phố dần trở nên phổ biến hơn cũng là lúc nhu cầu được thỏa mãn đam mê về thời trang của những GenZ mãnh liệt hơn bao giờ hết. TEELAB, phòng thí nghiệm về thời trang và những thiết kế mang đậm tinh thần TEELAB của chúng tôi “Your body is your greatest canvas” hứa hẹn sẽ mang đến cho các bạn trẻ Việt Nam nhiều trải nghiệm thú vị và mới mẻ về thời trang đường phố. Đội ngũ Fashion Scientist của TEELAB luôn cố gắng hoàn thiện và phát triển sản phầm, để có thể mang tới cho khách hàng những sản phẩm có chất lượng tốt nhất, được nghiên cứu kỹ càng và đáp ứng những tiêu chuẩn điên rồ nhất từ phòng thí nghiệm của chúng tôi.', '2022-10-31 19:01:36', NULL, 'ao-so-mi-6.png', 1, 31);
INSERT INTO `product` (`id`, `name`, `price`, `quantity`, `description`, `created_at`, `updated_at`, `thumbnail`, `status`, `category_id`) VALUES
(160, 'Áo Sơ Mi Local Brand Unisex Teelab Space Program: to Infinity and Beyond / Kem TS141', 139000, 100, 'TEELAB nơi bạn có thể thỏa sức thử nghiệm phong cách của mình. Được thành lập vào 2020 với rất nhiều những sự biến động của xã hội, TEELAB bắt đầu chặng đường viết lên câu chuyện của riêng mình. Khi văn hóa đường phố dần trở nên phổ biến hơn cũng là lúc nhu cầu được thỏa mãn đam mê về thời trang của những GenZ mãnh liệt hơn bao giờ hết. TEELAB, phòng thí nghiệm về thời trang và những thiết kế mang đậm tinh thần TEELAB của chúng tôi “Your body is your greatest canvas” hứa hẹn sẽ mang đến cho các bạn trẻ Việt Nam nhiều trải nghiệm thú vị và mới mẻ về thời trang đường phố. Đội ngũ Fashion Scientist của TEELAB luôn cố gắng hoàn thiện và phát triển sản phầm, để có thể mang tới cho khách hàng những sản phẩm có chất lượng tốt nhất, được nghiên cứu kỹ càng và đáp ứng những tiêu chuẩn điên rồ nhất từ phòng thí nghiệm của chúng tôi.', '2022-10-31 19:01:36', NULL, 'ao-so-mi-7.png', 1, 31),
(161, 'Áo Sơ Mi Local Brand Unisex Teelab Cat Vibe TS161', 139000, 100, 'TEELAB nơi bạn có thể thỏa sức thử nghiệm phong cách của mình. Được thành lập vào 2020 với rất nhiều những sự biến động của xã hội, TEELAB bắt đầu chặng đường viết lên câu chuyện của riêng mình. Khi văn hóa đường phố dần trở nên phổ biến hơn cũng là lúc nhu cầu được thỏa mãn đam mê về thời trang của những GenZ mãnh liệt hơn bao giờ hết. TEELAB, phòng thí nghiệm về thời trang và những thiết kế mang đậm tinh thần TEELAB của chúng tôi “Your body is your greatest canvas” hứa hẹn sẽ mang đến cho các bạn trẻ Việt Nam nhiều trải nghiệm thú vị và mới mẻ về thời trang đường phố. Đội ngũ Fashion Scientist của TEELAB luôn cố gắng hoàn thiện và phát triển sản phầm, để có thể mang tới cho khách hàng những sản phẩm có chất lượng tốt nhất, được nghiên cứu kỹ càng và đáp ứng những tiêu chuẩn điên rồ nhất từ phòng thí nghiệm của chúng tôi.', '2022-10-31 19:01:36', NULL, 'ao-so-mi-8.png', 1, 31),
(162, 'Áo Sơ Mi Local Brand Unisex Teelab Summer World Tour / Nâu TS153', 169000, 100, 'TEELAB nơi bạn có thể thỏa sức thử nghiệm phong cách của mình. Được thành lập vào 2020 với rất nhiều những sự biến động của xã hội, TEELAB bắt đầu chặng đường viết lên câu chuyện của riêng mình. Khi văn hóa đường phố dần trở nên phổ biến hơn cũng là lúc nhu cầu được thỏa mãn đam mê về thời trang của những GenZ mãnh liệt hơn bao giờ hết. TEELAB, phòng thí nghiệm về thời trang và những thiết kế mang đậm tinh thần TEELAB của chúng tôi “Your body is your greatest canvas” hứa hẹn sẽ mang đến cho các bạn trẻ Việt Nam nhiều trải nghiệm thú vị và mới mẻ về thời trang đường phố. Đội ngũ Fashion Scientist của TEELAB luôn cố gắng hoàn thiện và phát triển sản phầm, để có thể mang tới cho khách hàng những sản phẩm có chất lượng tốt nhất, được nghiên cứu kỹ càng và đáp ứng những tiêu chuẩn điên rồ nhất từ phòng thí nghiệm của chúng tôi.', '2022-10-31 19:01:36', NULL, 'ao-so-mi-9.png', 1, 31),
(163, 'Áo Sơ Mi Local Brand Unisex Teelab Summer World Tour / Kem TS153', 169000, 100, 'TEELAB nơi bạn có thể thỏa sức thử nghiệm phong cách của mình. Được thành lập vào 2020 với rất nhiều những sự biến động của xã hội, TEELAB bắt đầu chặng đường viết lên câu chuyện của riêng mình. Khi văn hóa đường phố dần trở nên phổ biến hơn cũng là lúc nhu cầu được thỏa mãn đam mê về thời trang của những GenZ mãnh liệt hơn bao giờ hết. TEELAB, phòng thí nghiệm về thời trang và những thiết kế mang đậm tinh thần TEELAB của chúng tôi “Your body is your greatest canvas” hứa hẹn sẽ mang đến cho các bạn trẻ Việt Nam nhiều trải nghiệm thú vị và mới mẻ về thời trang đường phố. Đội ngũ Fashion Scientist của TEELAB luôn cố gắng hoàn thiện và phát triển sản phầm, để có thể mang tới cho khách hàng những sản phẩm có chất lượng tốt nhất, được nghiên cứu kỹ càng và đáp ứng những tiêu chuẩn điên rồ nhất từ phòng thí nghiệm của chúng tôi.', '2022-10-31 19:01:36', NULL, 'ao-so-mi-10.png', 1, 31),
(164, 'Áo Sơ Mi Local Brand Unisex Teelab Cat Vibe TS161', 169000, 100, 'TEELAB nơi bạn có thể thỏa sức thử nghiệm phong cách của mình. Được thành lập vào 2020 với rất nhiều những sự biến động của xã hội, TEELAB bắt đầu chặng đường viết lên câu chuyện của riêng mình. Khi văn hóa đường phố dần trở nên phổ biến hơn cũng là lúc nhu cầu được thỏa mãn đam mê về thời trang của những GenZ mãnh liệt hơn bao giờ hết. TEELAB, phòng thí nghiệm về thời trang và những thiết kế mang đậm tinh thần TEELAB của chúng tôi “Your body is your greatest canvas” hứa hẹn sẽ mang đến cho các bạn trẻ Việt Nam nhiều trải nghiệm thú vị và mới mẻ về thời trang đường phố. Đội ngũ Fashion Scientist của TEELAB luôn cố gắng hoàn thiện và phát triển sản phầm, để có thể mang tới cho khách hàng những sản phẩm có chất lượng tốt nhất, được nghiên cứu kỹ càng và đáp ứng những tiêu chuẩn điên rồ nhất từ phòng thí nghiệm của chúng tôi.', '2022-10-31 19:03:04', NULL, 'ao-so-mi-11.png', 1, 31),
(165, 'Áo Sơ Mi Local Brand Unisex Teelab Summer World Tour / Nâu TS153', 139000, 50, 'TEELAB nơi bạn có thể thỏa sức thử nghiệm phong cách của mình. Được thành lập vào 2020 với rất nhiều những sự biến động của xã hội, TEELAB bắt đầu chặng đường viết lên câu chuyện của riêng mình. Khi văn hóa đường phố dần trở nên phổ biến hơn cũng là lúc nhu cầu được thỏa mãn đam mê về thời trang của những GenZ mãnh liệt hơn bao giờ hết. TEELAB, phòng thí nghiệm về thời trang và những thiết kế mang đậm tinh thần TEELAB của chúng tôi “Your body is your greatest canvas” hứa hẹn sẽ mang đến cho các bạn trẻ Việt Nam nhiều trải nghiệm thú vị và mới mẻ về thời trang đường phố. Đội ngũ Fashion Scientist của TEELAB luôn cố gắng hoàn thiện và phát triển sản phầm, để có thể mang tới cho khách hàng những sản phẩm có chất lượng tốt nhất, được nghiên cứu kỹ càng và đáp ứng những tiêu chuẩn điên rồ nhất từ phòng thí nghiệm của chúng tôi.', '2022-10-31 19:03:04', NULL, 'ao-so-mi-12.png', 1, 31),
(166, 'Áo Sơ Mi Local Brand Unisex Teelab Summer World Tour / Kem TS153', 179000, 50, 'TEELAB nơi bạn có thể thỏa sức thử nghiệm phong cách của mình. Được thành lập vào 2020 với rất nhiều những sự biến động của xã hội, TEELAB bắt đầu chặng đường viết lên câu chuyện của riêng mình. Khi văn hóa đường phố dần trở nên phổ biến hơn cũng là lúc nhu cầu được thỏa mãn đam mê về thời trang của những GenZ mãnh liệt hơn bao giờ hết. TEELAB, phòng thí nghiệm về thời trang và những thiết kế mang đậm tinh thần TEELAB của chúng tôi “Your body is your greatest canvas” hứa hẹn sẽ mang đến cho các bạn trẻ Việt Nam nhiều trải nghiệm thú vị và mới mẻ về thời trang đường phố. Đội ngũ Fashion Scientist của TEELAB luôn cố gắng hoàn thiện và phát triển sản phầm, để có thể mang tới cho khách hàng những sản phẩm có chất lượng tốt nhất, được nghiên cứu kỹ càng và đáp ứng những tiêu chuẩn điên rồ nhất từ phòng thí nghiệm của chúng tôi.', '2022-10-31 19:03:04', NULL, 'ao-so-mi-13.png', 1, 31),
(167, 'Áo Sơ Mi Local Brand Unisex Teelab Gambling Cats / Đen TS150', 139000, 150, 'TEELAB nơi bạn có thể thỏa sức thử nghiệm phong cách của mình. Được thành lập vào 2020 với rất nhiều những sự biến động của xã hội, TEELAB bắt đầu chặng đường viết lên câu chuyện của riêng mình. Khi văn hóa đường phố dần trở nên phổ biến hơn cũng là lúc nhu cầu được thỏa mãn đam mê về thời trang của những GenZ mãnh liệt hơn bao giờ hết. TEELAB, phòng thí nghiệm về thời trang và những thiết kế mang đậm tinh thần TEELAB của chúng tôi “Your body is your greatest canvas” hứa hẹn sẽ mang đến cho các bạn trẻ Việt Nam nhiều trải nghiệm thú vị và mới mẻ về thời trang đường phố. Đội ngũ Fashion Scientist của TEELAB luôn cố gắng hoàn thiện và phát triển sản phầm, để có thể mang tới cho khách hàng những sản phẩm có chất lượng tốt nhất, được nghiên cứu kỹ càng và đáp ứng những tiêu chuẩn điên rồ nhất từ phòng thí nghiệm của chúng tôi.', '2022-10-31 19:03:04', NULL, 'ao-so-mi-14.png', 1, 31),
(168, 'Áo Sơ Mi Local Brand Unisex Teelab Cyborg Rabbit TS144', 179000, 100, 'TEELAB nơi bạn có thể thỏa sức thử nghiệm phong cách của mình. Được thành lập vào 2020 với rất nhiều những sự biến động của xã hội, TEELAB bắt đầu chặng đường viết lên câu chuyện của riêng mình. Khi văn hóa đường phố dần trở nên phổ biến hơn cũng là lúc nhu cầu được thỏa mãn đam mê về thời trang của những GenZ mãnh liệt hơn bao giờ hết. TEELAB, phòng thí nghiệm về thời trang và những thiết kế mang đậm tinh thần TEELAB của chúng tôi “Your body is your greatest canvas” hứa hẹn sẽ mang đến cho các bạn trẻ Việt Nam nhiều trải nghiệm thú vị và mới mẻ về thời trang đường phố. Đội ngũ Fashion Scientist của TEELAB luôn cố gắng hoàn thiện và phát triển sản phầm, để có thể mang tới cho khách hàng những sản phẩm có chất lượng tốt nhất, được nghiên cứu kỹ càng và đáp ứng những tiêu chuẩn điên rồ nhất từ phòng thí nghiệm của chúng tôi.', '2022-10-31 19:03:04', NULL, 'ao-so-mi-15.png', 1, 31),
(169, 'Áo Sơ Mi Local Brand Unisex Teelab Cyberpunk TS143', 139000, 100, 'TEELAB nơi bạn có thể thỏa sức thử nghiệm phong cách của mình. Được thành lập vào 2020 với rất nhiều những sự biến động của xã hội, TEELAB bắt đầu chặng đường viết lên câu chuyện của riêng mình. Khi văn hóa đường phố dần trở nên phổ biến hơn cũng là lúc nhu cầu được thỏa mãn đam mê về thời trang của những GenZ mãnh liệt hơn bao giờ hết. TEELAB, phòng thí nghiệm về thời trang và những thiết kế mang đậm tinh thần TEELAB của chúng tôi “Your body is your greatest canvas” hứa hẹn sẽ mang đến cho các bạn trẻ Việt Nam nhiều trải nghiệm thú vị và mới mẻ về thời trang đường phố. Đội ngũ Fashion Scientist của TEELAB luôn cố gắng hoàn thiện và phát triển sản phầm, để có thể mang tới cho khách hàng những sản phẩm có chất lượng tốt nhất, được nghiên cứu kỹ càng và đáp ứng những tiêu chuẩn điên rồ nhất từ phòng thí nghiệm của chúng tôi.', '2022-10-31 19:03:04', NULL, 'ao-so-mi-16.png', 1, 31),
(170, 'Áo Sơ Mi Local Brand Unisex Teelab Space Program: to Infinity and Beyond / Kem TS141', 139000, 100, 'TEELAB nơi bạn có thể thỏa sức thử nghiệm phong cách của mình. Được thành lập vào 2020 với rất nhiều những sự biến động của xã hội, TEELAB bắt đầu chặng đường viết lên câu chuyện của riêng mình. Khi văn hóa đường phố dần trở nên phổ biến hơn cũng là lúc nhu cầu được thỏa mãn đam mê về thời trang của những GenZ mãnh liệt hơn bao giờ hết. TEELAB, phòng thí nghiệm về thời trang và những thiết kế mang đậm tinh thần TEELAB của chúng tôi “Your body is your greatest canvas” hứa hẹn sẽ mang đến cho các bạn trẻ Việt Nam nhiều trải nghiệm thú vị và mới mẻ về thời trang đường phố. Đội ngũ Fashion Scientist của TEELAB luôn cố gắng hoàn thiện và phát triển sản phầm, để có thể mang tới cho khách hàng những sản phẩm có chất lượng tốt nhất, được nghiên cứu kỹ càng và đáp ứng những tiêu chuẩn điên rồ nhất từ phòng thí nghiệm của chúng tôi.', '2022-10-31 19:03:04', NULL, 'ao-so-mi-17.png', 1, 31),
(171, 'Áo Sơ Mi Local Brand Unisex Teelab Cat Vibe TS161', 139000, 100, 'TEELAB nơi bạn có thể thỏa sức thử nghiệm phong cách của mình. Được thành lập vào 2020 với rất nhiều những sự biến động của xã hội, TEELAB bắt đầu chặng đường viết lên câu chuyện của riêng mình. Khi văn hóa đường phố dần trở nên phổ biến hơn cũng là lúc nhu cầu được thỏa mãn đam mê về thời trang của những GenZ mãnh liệt hơn bao giờ hết. TEELAB, phòng thí nghiệm về thời trang và những thiết kế mang đậm tinh thần TEELAB của chúng tôi “Your body is your greatest canvas” hứa hẹn sẽ mang đến cho các bạn trẻ Việt Nam nhiều trải nghiệm thú vị và mới mẻ về thời trang đường phố. Đội ngũ Fashion Scientist của TEELAB luôn cố gắng hoàn thiện và phát triển sản phầm, để có thể mang tới cho khách hàng những sản phẩm có chất lượng tốt nhất, được nghiên cứu kỹ càng và đáp ứng những tiêu chuẩn điên rồ nhất từ phòng thí nghiệm của chúng tôi.', '2022-10-31 19:03:04', NULL, 'ao-so-mi-18.png', 1, 31),
(172, 'Áo Sơ Mi Local Brand Unisex Teelab Summer World Tour / Nâu TS153', 169000, 100, 'TEELAB nơi bạn có thể thỏa sức thử nghiệm phong cách của mình. Được thành lập vào 2020 với rất nhiều những sự biến động của xã hội, TEELAB bắt đầu chặng đường viết lên câu chuyện của riêng mình. Khi văn hóa đường phố dần trở nên phổ biến hơn cũng là lúc nhu cầu được thỏa mãn đam mê về thời trang của những GenZ mãnh liệt hơn bao giờ hết. TEELAB, phòng thí nghiệm về thời trang và những thiết kế mang đậm tinh thần TEELAB của chúng tôi “Your body is your greatest canvas” hứa hẹn sẽ mang đến cho các bạn trẻ Việt Nam nhiều trải nghiệm thú vị và mới mẻ về thời trang đường phố. Đội ngũ Fashion Scientist của TEELAB luôn cố gắng hoàn thiện và phát triển sản phầm, để có thể mang tới cho khách hàng những sản phẩm có chất lượng tốt nhất, được nghiên cứu kỹ càng và đáp ứng những tiêu chuẩn điên rồ nhất từ phòng thí nghiệm của chúng tôi.', '2022-10-31 19:03:04', NULL, 'ao-so-mi-19.png', 1, 31),
(173, 'Áo Sơ Mi Local Brand Unisex Teelab Summer World Tour / Kem TS153', 169000, 100, 'TEELAB nơi bạn có thể thỏa sức thử nghiệm phong cách của mình. Được thành lập vào 2020 với rất nhiều những sự biến động của xã hội, TEELAB bắt đầu chặng đường viết lên câu chuyện của riêng mình. Khi văn hóa đường phố dần trở nên phổ biến hơn cũng là lúc nhu cầu được thỏa mãn đam mê về thời trang của những GenZ mãnh liệt hơn bao giờ hết. TEELAB, phòng thí nghiệm về thời trang và những thiết kế mang đậm tinh thần TEELAB của chúng tôi “Your body is your greatest canvas” hứa hẹn sẽ mang đến cho các bạn trẻ Việt Nam nhiều trải nghiệm thú vị và mới mẻ về thời trang đường phố. Đội ngũ Fashion Scientist của TEELAB luôn cố gắng hoàn thiện và phát triển sản phầm, để có thể mang tới cho khách hàng những sản phẩm có chất lượng tốt nhất, được nghiên cứu kỹ càng và đáp ứng những tiêu chuẩn điên rồ nhất từ phòng thí nghiệm của chúng tôi.', '2022-10-31 19:03:04', NULL, 'ao-so-mi-20.png', 1, 31),
(174, 'Áo Sơ Mi Local Brand Unisex Teelab Cat Vibe TS161', 169000, 100, 'TEELAB nơi bạn có thể thỏa sức thử nghiệm phong cách của mình. Được thành lập vào 2020 với rất nhiều những sự biến động của xã hội, TEELAB bắt đầu chặng đường viết lên câu chuyện của riêng mình. Khi văn hóa đường phố dần trở nên phổ biến hơn cũng là lúc nhu cầu được thỏa mãn đam mê về thời trang của những GenZ mãnh liệt hơn bao giờ hết. TEELAB, phòng thí nghiệm về thời trang và những thiết kế mang đậm tinh thần TEELAB của chúng tôi “Your body is your greatest canvas” hứa hẹn sẽ mang đến cho các bạn trẻ Việt Nam nhiều trải nghiệm thú vị và mới mẻ về thời trang đường phố. Đội ngũ Fashion Scientist của TEELAB luôn cố gắng hoàn thiện và phát triển sản phầm, để có thể mang tới cho khách hàng những sản phẩm có chất lượng tốt nhất, được nghiên cứu kỹ càng và đáp ứng những tiêu chuẩn điên rồ nhất từ phòng thí nghiệm của chúng tôi.', '2022-10-31 19:04:01', NULL, 'ao-so-mi-21.png', 1, 31),
(175, 'Áo Sơ Mi Local Brand Unisex Teelab Summer World Tour / Nâu TS153', 139000, 40, 'TEELAB nơi bạn có thể thỏa sức thử nghiệm phong cách của mình. Được thành lập vào 2020 với rất nhiều những sự biến động của xã hội, TEELAB bắt đầu chặng đường viết lên câu chuyện của riêng mình. Khi văn hóa đường phố dần trở nên phổ biến hơn cũng là lúc nhu cầu được thỏa mãn đam mê về thời trang của những GenZ mãnh liệt hơn bao giờ hết. TEELAB, phòng thí nghiệm về thời trang và những thiết kế mang đậm tinh thần TEELAB của chúng tôi “Your body is your greatest canvas” hứa hẹn sẽ mang đến cho các bạn trẻ Việt Nam nhiều trải nghiệm thú vị và mới mẻ về thời trang đường phố. Đội ngũ Fashion Scientist của TEELAB luôn cố gắng hoàn thiện và phát triển sản phầm, để có thể mang tới cho khách hàng những sản phẩm có chất lượng tốt nhất, được nghiên cứu kỹ càng và đáp ứng những tiêu chuẩn điên rồ nhất từ phòng thí nghiệm của chúng tôi.', '2022-10-31 19:04:01', NULL, 'ao-so-mi-22.png', 1, 31),
(176, 'Áo Sơ Mi Local Brand Unisex Teelab Summer World Tour / Kem TS153', 179000, 40, 'TEELAB nơi bạn có thể thỏa sức thử nghiệm phong cách của mình. Được thành lập vào 2020 với rất nhiều những sự biến động của xã hội, TEELAB bắt đầu chặng đường viết lên câu chuyện của riêng mình. Khi văn hóa đường phố dần trở nên phổ biến hơn cũng là lúc nhu cầu được thỏa mãn đam mê về thời trang của những GenZ mãnh liệt hơn bao giờ hết. TEELAB, phòng thí nghiệm về thời trang và những thiết kế mang đậm tinh thần TEELAB của chúng tôi “Your body is your greatest canvas” hứa hẹn sẽ mang đến cho các bạn trẻ Việt Nam nhiều trải nghiệm thú vị và mới mẻ về thời trang đường phố. Đội ngũ Fashion Scientist của TEELAB luôn cố gắng hoàn thiện và phát triển sản phầm, để có thể mang tới cho khách hàng những sản phẩm có chất lượng tốt nhất, được nghiên cứu kỹ càng và đáp ứng những tiêu chuẩn điên rồ nhất từ phòng thí nghiệm của chúng tôi.', '2022-10-31 19:04:01', NULL, 'ao-so-mi-23.png', 1, 31),
(177, 'Áo Sơ Mi Local Brand Unisex Teelab Gambling Cats / Đen TS150', 139000, 110, 'TEELAB nơi bạn có thể thỏa sức thử nghiệm phong cách của mình. Được thành lập vào 2020 với rất nhiều những sự biến động của xã hội, TEELAB bắt đầu chặng đường viết lên câu chuyện của riêng mình. Khi văn hóa đường phố dần trở nên phổ biến hơn cũng là lúc nhu cầu được thỏa mãn đam mê về thời trang của những GenZ mãnh liệt hơn bao giờ hết. TEELAB, phòng thí nghiệm về thời trang và những thiết kế mang đậm tinh thần TEELAB của chúng tôi “Your body is your greatest canvas” hứa hẹn sẽ mang đến cho các bạn trẻ Việt Nam nhiều trải nghiệm thú vị và mới mẻ về thời trang đường phố. Đội ngũ Fashion Scientist của TEELAB luôn cố gắng hoàn thiện và phát triển sản phầm, để có thể mang tới cho khách hàng những sản phẩm có chất lượng tốt nhất, được nghiên cứu kỹ càng và đáp ứng những tiêu chuẩn điên rồ nhất từ phòng thí nghiệm của chúng tôi.', '2022-10-31 19:04:01', NULL, 'ao-so-mi-24.png', 1, 31),
(178, 'Mũ lưỡi trai Teelab Logo Basic AC022', 125000, 100, 'TEELAB nơi bạn có thể thỏa sức thử nghiệm phong cách của mình. Được thành lập vào 2020 với rất nhiều những sự biến động của xã hội, TEELAB bắt đầu chặng đường viết lên câu chuyện của riêng mình. Khi văn hóa đường phố dần trở nên phổ biến hơn cũng là lúc nhu cầu được thỏa mãn đam mê về thời trang của những GenZ mãnh liệt hơn bao giờ hết. TEELAB, phòng thí nghiệm về thời trang và những thiết kế mang đậm tinh thần TEELAB của chúng tôi “Your body is your greatest canvas” hứa hẹn sẽ mang đến cho các bạn trẻ Việt Nam nhiều trải nghiệm thú vị và mới mẻ về thời trang đường phố. Đội ngũ Fashion Scientist của TEELAB luôn cố gắng hoàn thiện và phát triển sản phầm, để có thể mang tới cho khách hàng những sản phẩm có chất lượng tốt nhất, được nghiên cứu kỹ càng và đáp ứng những tiêu chuẩn điên rồ nhất từ phòng thí nghiệm của chúng tôi.', '2022-11-01 08:11:39', NULL, 'phu-kien-1.png', 1, 32),
(179, 'Balo Fullcolor Teelab AC032', 350000, 92, 'TEELAB nơi bạn có thể thỏa sức thử nghiệm phong cách của mình. Được thành lập vào 2020 với rất nhiều những sự biến động của xã hội, TEELAB bắt đầu chặng đường viết lên câu chuyện của riêng mình. Khi văn hóa đường phố dần trở nên phổ biến hơn cũng là lúc nhu cầu được thỏa mãn đam mê về thời trang của những GenZ mãnh liệt hơn bao giờ hết. TEELAB, phòng thí nghiệm về thời trang và những thiết kế mang đậm tinh thần TEELAB của chúng tôi “Your body is your greatest canvas” hứa hẹn sẽ mang đến cho các bạn trẻ Việt Nam nhiều trải nghiệm thú vị và mới mẻ về thời trang đường phố. Đội ngũ Fashion Scientist của TEELAB luôn cố gắng hoàn thiện và phát triển sản phầm, để có thể mang tới cho khách hàng những sản phẩm có chất lượng tốt nhất, được nghiên cứu kỹ càng và đáp ứng những tiêu chuẩn điên rồ nhất từ phòng thí nghiệm của chúng tôi.', '2022-11-01 08:11:39', NULL, 'phu-kien-2.png', 1, 32),
(180, 'Tất Teelab Iconic Logo Socks AC057', 40000, 98, 'TEELAB nơi bạn có thể thỏa sức thử nghiệm phong cách của mình. Được thành lập vào 2020 với rất nhiều những sự biến động của xã hội, TEELAB bắt đầu chặng đường viết lên câu chuyện của riêng mình. Khi văn hóa đường phố dần trở nên phổ biến hơn cũng là lúc nhu cầu được thỏa mãn đam mê về thời trang của những GenZ mãnh liệt hơn bao giờ hết. TEELAB, phòng thí nghiệm về thời trang và những thiết kế mang đậm tinh thần TEELAB của chúng tôi “Your body is your greatest canvas” hứa hẹn sẽ mang đến cho các bạn trẻ Việt Nam nhiều trải nghiệm thú vị và mới mẻ về thời trang đường phố. Đội ngũ Fashion Scientist của TEELAB luôn cố gắng hoàn thiện và phát triển sản phầm, để có thể mang tới cho khách hàng những sản phẩm có chất lượng tốt nhất, được nghiên cứu kỹ càng và đáp ứng những tiêu chuẩn điên rồ nhất từ phòng thí nghiệm của chúng tôi.', '2022-11-01 08:11:39', NULL, 'phu-kien-3.png', 1, 32),
(181, 'Mũ lưỡi trai Teelab Mini Logo Caps AC063', 125000, 97, 'TEELAB nơi bạn có thể thỏa sức thử nghiệm phong cách của mình. Được thành lập vào 2020 với rất nhiều những sự biến động của xã hội, TEELAB bắt đầu chặng đường viết lên câu chuyện của riêng mình. Khi văn hóa đường phố dần trở nên phổ biến hơn cũng là lúc nhu cầu được thỏa mãn đam mê về thời trang của những GenZ mãnh liệt hơn bao giờ hết. TEELAB, phòng thí nghiệm về thời trang và những thiết kế mang đậm tinh thần TEELAB của chúng tôi “Your body is your greatest canvas” hứa hẹn sẽ mang đến cho các bạn trẻ Việt Nam nhiều trải nghiệm thú vị và mới mẻ về thời trang đường phố. Đội ngũ Fashion Scientist của TEELAB luôn cố gắng hoàn thiện và phát triển sản phầm, để có thể mang tới cho khách hàng những sản phẩm có chất lượng tốt nhất, được nghiên cứu kỹ càng và đáp ứng những tiêu chuẩn điên rồ nhất từ phòng thí nghiệm của chúng tôi.', '2022-11-01 08:11:39', NULL, 'phu-kien-4.png', 1, 32),
(182, 'Dép Teelab PooI Slipper AC056', 99000, 99, 'TEELAB nơi bạn có thể thỏa sức thử nghiệm phong cách của mình. Được thành lập vào 2020 với rất nhiều những sự biến động của xã hội, TEELAB bắt đầu chặng đường viết lên câu chuyện của riêng mình. Khi văn hóa đường phố dần trở nên phổ biến hơn cũng là lúc nhu cầu được thỏa mãn đam mê về thời trang của những GenZ mãnh liệt hơn bao giờ hết. TEELAB, phòng thí nghiệm về thời trang và những thiết kế mang đậm tinh thần TEELAB của chúng tôi “Your body is your greatest canvas” hứa hẹn sẽ mang đến cho các bạn trẻ Việt Nam nhiều trải nghiệm thú vị và mới mẻ về thời trang đường phố. Đội ngũ Fashion Scientist của TEELAB luôn cố gắng hoàn thiện và phát triển sản phầm, để có thể mang tới cho khách hàng những sản phẩm có chất lượng tốt nhất, được nghiên cứu kỹ càng và đáp ứng những tiêu chuẩn điên rồ nhất từ phòng thí nghiệm của chúng tôi.', '2022-11-01 08:11:39', NULL, 'phu-kien-5.png', 1, 32),
(183, 'Teelab Crossbody Messenger Bag AC061', 175000, 99, 'TEELAB nơi bạn có thể thỏa sức thử nghiệm phong cách của mình. Được thành lập vào 2020 với rất nhiều những sự biến động của xã hội, TEELAB bắt đầu chặng đường viết lên câu chuyện của riêng mình. Khi văn hóa đường phố dần trở nên phổ biến hơn cũng là lúc nhu cầu được thỏa mãn đam mê về thời trang của những GenZ mãnh liệt hơn bao giờ hết. TEELAB, phòng thí nghiệm về thời trang và những thiết kế mang đậm tinh thần TEELAB của chúng tôi “Your body is your greatest canvas” hứa hẹn sẽ mang đến cho các bạn trẻ Việt Nam nhiều trải nghiệm thú vị và mới mẻ về thời trang đường phố. Đội ngũ Fashion Scientist của TEELAB luôn cố gắng hoàn thiện và phát triển sản phầm, để có thể mang tới cho khách hàng những sản phẩm có chất lượng tốt nhất, được nghiên cứu kỹ càng và đáp ứng những tiêu chuẩn điên rồ nhất từ phòng thí nghiệm của chúng tôi.', '2022-11-01 08:11:39', NULL, 'phu-kien-6.png', 1, 32),
(184, 'Mũ len Teelab Beanie Basic Typo AC066', 169000, 99, 'TEELAB nơi bạn có thể thỏa sức thử nghiệm phong cách của mình. Được thành lập vào 2020 với rất nhiều những sự biến động của xã hội, TEELAB bắt đầu chặng đường viết lên câu chuyện của riêng mình. Khi văn hóa đường phố dần trở nên phổ biến hơn cũng là lúc nhu cầu được thỏa mãn đam mê về thời trang của những GenZ mãnh liệt hơn bao giờ hết. TEELAB, phòng thí nghiệm về thời trang và những thiết kế mang đậm tinh thần TEELAB của chúng tôi “Your body is your greatest canvas” hứa hẹn sẽ mang đến cho các bạn trẻ Việt Nam nhiều trải nghiệm thú vị và mới mẻ về thời trang đường phố. Đội ngũ Fashion Scientist của TEELAB luôn cố gắng hoàn thiện và phát triển sản phầm, để có thể mang tới cho khách hàng những sản phẩm có chất lượng tốt nhất, được nghiên cứu kỹ càng và đáp ứng những tiêu chuẩn điên rồ nhất từ phòng thí nghiệm của chúng tôi.', '2022-11-01 08:08:40', NULL, 'phu-kien-7.png', 1, 32),
(185, 'Khẩu Trang Teelab Iconic Logo Face Mask AC058', 35000, 100, 'TEELAB nơi bạn có thể thỏa sức thử nghiệm phong cách của mình. Được thành lập vào 2020 với rất nhiều những sự biến động của xã hội, TEELAB bắt đầu chặng đường viết lên câu chuyện của riêng mình. Khi văn hóa đường phố dần trở nên phổ biến hơn cũng là lúc nhu cầu được thỏa mãn đam mê về thời trang của những GenZ mãnh liệt hơn bao giờ hết. TEELAB, phòng thí nghiệm về thời trang và những thiết kế mang đậm tinh thần TEELAB của chúng tôi “Your body is your greatest canvas” hứa hẹn sẽ mang đến cho các bạn trẻ Việt Nam nhiều trải nghiệm thú vị và mới mẻ về thời trang đường phố. Đội ngũ Fashion Scientist của TEELAB luôn cố gắng hoàn thiện và phát triển sản phầm, để có thể mang tới cho khách hàng những sản phẩm có chất lượng tốt nhất, được nghiên cứu kỹ càng và đáp ứng những tiêu chuẩn điên rồ nhất từ phòng thí nghiệm của chúng tôi.', '2022-11-01 08:07:15', NULL, 'phu-kien-8.png', 1, 32),
(186, 'Teelab Special Collection Tote Bag AC070', 99000, 100, 'TEELAB nơi bạn có thể thỏa sức thử nghiệm phong cách của mình. Được thành lập vào 2020 với rất nhiều những sự biến động của xã hội, TEELAB bắt đầu chặng đường viết lên câu chuyện của riêng mình. Khi văn hóa đường phố dần trở nên phổ biến hơn cũng là lúc nhu cầu được thỏa mãn đam mê về thời trang của những GenZ mãnh liệt hơn bao giờ hết. TEELAB, phòng thí nghiệm về thời trang và những thiết kế mang đậm tinh thần TEELAB của chúng tôi “Your body is your greatest canvas” hứa hẹn sẽ mang đến cho các bạn trẻ Việt Nam nhiều trải nghiệm thú vị và mới mẻ về thời trang đường phố. Đội ngũ Fashion Scientist của TEELAB luôn cố gắng hoàn thiện và phát triển sản phầm, để có thể mang tới cho khách hàng những sản phẩm có chất lượng tốt nhất, được nghiên cứu kỹ càng và đáp ứng những tiêu chuẩn điên rồ nhất từ phòng thí nghiệm của chúng tôi.', '2022-11-01 08:08:40', NULL, 'phu-kien-9.png', 1, 32),
(187, 'Mũ lưỡi trai Teelab Logo Basic AC022', 125000, 100, 'TEELAB nơi bạn có thể thỏa sức thử nghiệm phong cách của mình. Được thành lập vào 2020 với rất nhiều những sự biến động của xã hội, TEELAB bắt đầu chặng đường viết lên câu chuyện của riêng mình. Khi văn hóa đường phố dần trở nên phổ biến hơn cũng là lúc nhu cầu được thỏa mãn đam mê về thời trang của những GenZ mãnh liệt hơn bao giờ hết. TEELAB, phòng thí nghiệm về thời trang và những thiết kế mang đậm tinh thần TEELAB của chúng tôi “Your body is your greatest canvas” hứa hẹn sẽ mang đến cho các bạn trẻ Việt Nam nhiều trải nghiệm thú vị và mới mẻ về thời trang đường phố. Đội ngũ Fashion Scientist của TEELAB luôn cố gắng hoàn thiện và phát triển sản phầm, để có thể mang tới cho khách hàng những sản phẩm có chất lượng tốt nhất, được nghiên cứu kỹ càng và đáp ứng những tiêu chuẩn điên rồ nhất từ phòng thí nghiệm của chúng tôi.', '2022-11-01 08:10:13', NULL, 'phu-kien-10.png', 1, 32),
(188, 'Balo Fullcolor Teelab AC032', 350000, 100, 'TEELAB nơi bạn có thể thỏa sức thử nghiệm phong cách của mình. Được thành lập vào 2020 với rất nhiều những sự biến động của xã hội, TEELAB bắt đầu chặng đường viết lên câu chuyện của riêng mình. Khi văn hóa đường phố dần trở nên phổ biến hơn cũng là lúc nhu cầu được thỏa mãn đam mê về thời trang của những GenZ mãnh liệt hơn bao giờ hết. TEELAB, phòng thí nghiệm về thời trang và những thiết kế mang đậm tinh thần TEELAB của chúng tôi “Your body is your greatest canvas” hứa hẹn sẽ mang đến cho các bạn trẻ Việt Nam nhiều trải nghiệm thú vị và mới mẻ về thời trang đường phố. Đội ngũ Fashion Scientist của TEELAB luôn cố gắng hoàn thiện và phát triển sản phầm, để có thể mang tới cho khách hàng những sản phẩm có chất lượng tốt nhất, được nghiên cứu kỹ càng và đáp ứng những tiêu chuẩn điên rồ nhất từ phòng thí nghiệm của chúng tôi.', '2022-11-01 08:10:13', NULL, 'phu-kien-11.png', 1, 32),
(189, 'Tất Teelab Iconic Logo Socks AC057', 40000, 100, 'TEELAB nơi bạn có thể thỏa sức thử nghiệm phong cách của mình. Được thành lập vào 2020 với rất nhiều những sự biến động của xã hội, TEELAB bắt đầu chặng đường viết lên câu chuyện của riêng mình. Khi văn hóa đường phố dần trở nên phổ biến hơn cũng là lúc nhu cầu được thỏa mãn đam mê về thời trang của những GenZ mãnh liệt hơn bao giờ hết. TEELAB, phòng thí nghiệm về thời trang và những thiết kế mang đậm tinh thần TEELAB của chúng tôi “Your body is your greatest canvas” hứa hẹn sẽ mang đến cho các bạn trẻ Việt Nam nhiều trải nghiệm thú vị và mới mẻ về thời trang đường phố. Đội ngũ Fashion Scientist của TEELAB luôn cố gắng hoàn thiện và phát triển sản phầm, để có thể mang tới cho khách hàng những sản phẩm có chất lượng tốt nhất, được nghiên cứu kỹ càng và đáp ứng những tiêu chuẩn điên rồ nhất từ phòng thí nghiệm của chúng tôi.', '2022-11-01 08:10:13', NULL, 'phu-kien-12.png', 1, 32),
(190, 'Mũ lưỡi trai Teelab Mini Logo Caps AC063', 125000, 110, 'TEELAB nơi bạn có thể thỏa sức thử nghiệm phong cách của mình. Được thành lập vào 2020 với rất nhiều những sự biến động của xã hội, TEELAB bắt đầu chặng đường viết lên câu chuyện của riêng mình. Khi văn hóa đường phố dần trở nên phổ biến hơn cũng là lúc nhu cầu được thỏa mãn đam mê về thời trang của những GenZ mãnh liệt hơn bao giờ hết. TEELAB, phòng thí nghiệm về thời trang và những thiết kế mang đậm tinh thần TEELAB của chúng tôi “Your body is your greatest canvas” hứa hẹn sẽ mang đến cho các bạn trẻ Việt Nam nhiều trải nghiệm thú vị và mới mẻ về thời trang đường phố. Đội ngũ Fashion Scientist của TEELAB luôn cố gắng hoàn thiện và phát triển sản phầm, để có thể mang tới cho khách hàng những sản phẩm có chất lượng tốt nhất, được nghiên cứu kỹ càng và đáp ứng những tiêu chuẩn điên rồ nhất từ phòng thí nghiệm của chúng tôi.', '2022-11-01 08:10:13', NULL, 'phu-kien-13.png', 1, 32),
(191, 'Dép Teelab PooI Slipper AC056', 99000, 100, 'TEELAB nơi bạn có thể thỏa sức thử nghiệm phong cách của mình. Được thành lập vào 2020 với rất nhiều những sự biến động của xã hội, TEELAB bắt đầu chặng đường viết lên câu chuyện của riêng mình. Khi văn hóa đường phố dần trở nên phổ biến hơn cũng là lúc nhu cầu được thỏa mãn đam mê về thời trang của những GenZ mãnh liệt hơn bao giờ hết. TEELAB, phòng thí nghiệm về thời trang và những thiết kế mang đậm tinh thần TEELAB của chúng tôi “Your body is your greatest canvas” hứa hẹn sẽ mang đến cho các bạn trẻ Việt Nam nhiều trải nghiệm thú vị và mới mẻ về thời trang đường phố. Đội ngũ Fashion Scientist của TEELAB luôn cố gắng hoàn thiện và phát triển sản phầm, để có thể mang tới cho khách hàng những sản phẩm có chất lượng tốt nhất, được nghiên cứu kỹ càng và đáp ứng những tiêu chuẩn điên rồ nhất từ phòng thí nghiệm của chúng tôi.', '2022-11-01 08:10:13', NULL, 'phu-kien-14.png', 1, 32),
(192, 'Teelab Crossbody Messenger Bag AC061', 175000, 100, 'TEELAB nơi bạn có thể thỏa sức thử nghiệm phong cách của mình. Được thành lập vào 2020 với rất nhiều những sự biến động của xã hội, TEELAB bắt đầu chặng đường viết lên câu chuyện của riêng mình. Khi văn hóa đường phố dần trở nên phổ biến hơn cũng là lúc nhu cầu được thỏa mãn đam mê về thời trang của những GenZ mãnh liệt hơn bao giờ hết. TEELAB, phòng thí nghiệm về thời trang và những thiết kế mang đậm tinh thần TEELAB của chúng tôi “Your body is your greatest canvas” hứa hẹn sẽ mang đến cho các bạn trẻ Việt Nam nhiều trải nghiệm thú vị và mới mẻ về thời trang đường phố. Đội ngũ Fashion Scientist của TEELAB luôn cố gắng hoàn thiện và phát triển sản phầm, để có thể mang tới cho khách hàng những sản phẩm có chất lượng tốt nhất, được nghiên cứu kỹ càng và đáp ứng những tiêu chuẩn điên rồ nhất từ phòng thí nghiệm của chúng tôi.', '2022-11-01 08:10:13', NULL, 'phu-kien-15.png', 1, 32),
(193, 'Mũ len Teelab Beanie Basic Typo AC066', 169000, 100, 'TEELAB nơi bạn có thể thỏa sức thử nghiệm phong cách của mình. Được thành lập vào 2020 với rất nhiều những sự biến động của xã hội, TEELAB bắt đầu chặng đường viết lên câu chuyện của riêng mình. Khi văn hóa đường phố dần trở nên phổ biến hơn cũng là lúc nhu cầu được thỏa mãn đam mê về thời trang của những GenZ mãnh liệt hơn bao giờ hết. TEELAB, phòng thí nghiệm về thời trang và những thiết kế mang đậm tinh thần TEELAB của chúng tôi “Your body is your greatest canvas” hứa hẹn sẽ mang đến cho các bạn trẻ Việt Nam nhiều trải nghiệm thú vị và mới mẻ về thời trang đường phố. Đội ngũ Fashion Scientist của TEELAB luôn cố gắng hoàn thiện và phát triển sản phầm, để có thể mang tới cho khách hàng những sản phẩm có chất lượng tốt nhất, được nghiên cứu kỹ càng và đáp ứng những tiêu chuẩn điên rồ nhất từ phòng thí nghiệm của chúng tôi.', '2022-11-01 08:10:13', NULL, 'phu-kien-16.png', 1, 32),
(194, 'Khẩu Trang Teelab Iconic Logo Face Mask AC058', 35000, 100, 'TEELAB nơi bạn có thể thỏa sức thử nghiệm phong cách của mình. Được thành lập vào 2020 với rất nhiều những sự biến động của xã hội, TEELAB bắt đầu chặng đường viết lên câu chuyện của riêng mình. Khi văn hóa đường phố dần trở nên phổ biến hơn cũng là lúc nhu cầu được thỏa mãn đam mê về thời trang của những GenZ mãnh liệt hơn bao giờ hết. TEELAB, phòng thí nghiệm về thời trang và những thiết kế mang đậm tinh thần TEELAB của chúng tôi “Your body is your greatest canvas” hứa hẹn sẽ mang đến cho các bạn trẻ Việt Nam nhiều trải nghiệm thú vị và mới mẻ về thời trang đường phố. Đội ngũ Fashion Scientist của TEELAB luôn cố gắng hoàn thiện và phát triển sản phầm, để có thể mang tới cho khách hàng những sản phẩm có chất lượng tốt nhất, được nghiên cứu kỹ càng và đáp ứng những tiêu chuẩn điên rồ nhất từ phòng thí nghiệm của chúng tôi.', '2022-11-01 08:10:13', NULL, 'phu-kien-17.png', 1, 32),
(195, 'Teelab Special Collection Tote Bag AC070', 99000, 100, 'TEELAB nơi bạn có thể thỏa sức thử nghiệm phong cách của mình. Được thành lập vào 2020 với rất nhiều những sự biến động của xã hội, TEELAB bắt đầu chặng đường viết lên câu chuyện của riêng mình. Khi văn hóa đường phố dần trở nên phổ biến hơn cũng là lúc nhu cầu được thỏa mãn đam mê về thời trang của những GenZ mãnh liệt hơn bao giờ hết. TEELAB, phòng thí nghiệm về thời trang và những thiết kế mang đậm tinh thần TEELAB của chúng tôi “Your body is your greatest canvas” hứa hẹn sẽ mang đến cho các bạn trẻ Việt Nam nhiều trải nghiệm thú vị và mới mẻ về thời trang đường phố. Đội ngũ Fashion Scientist của TEELAB luôn cố gắng hoàn thiện và phát triển sản phầm, để có thể mang tới cho khách hàng những sản phẩm có chất lượng tốt nhất, được nghiên cứu kỹ càng và đáp ứng những tiêu chuẩn điên rồ nhất từ phòng thí nghiệm của chúng tôi.', '2022-11-01 08:10:13', NULL, 'phu-kien-18.png', 1, 32),
(196, 'Mũ lưỡi trai màu đen cho nam', 125000, 100, 'TEELAB nơi bạn có thể thỏa sức thử nghiệm phong cách của mình. Được thành lập vào 2020 với rất nhiều những sự biến động của xã hội, TEELAB bắt đầu chặng đường viết lên câu chuyện của riêng mình. Khi văn hóa đường phố dần trở nên phổ biến hơn cũng là lúc nhu cầu được thỏa mãn đam mê về thời trang của những GenZ mãnh liệt hơn bao giờ hết. TEELAB, phòng thí nghiệm về thời trang và những thiết kế mang đậm tinh thần TEELAB của chúng tôi “Your body is your greatest canvas” hứa hẹn sẽ mang đến cho các bạn trẻ Việt Nam nhiều trải nghiệm thú vị và mới mẻ về thời trang đường phố. Đội ngũ Fashion Scientist của TEELAB luôn cố gắng hoàn thiện và phát triển sản phầm, để có thể mang tới cho khách hàng những sản phẩm có chất lượng tốt nhất, được nghiên cứu kỹ càng và đáp ứng những tiêu chuẩn điên rồ nhất từ phòng thí nghiệm của chúng tôi.', '2022-11-01 08:14:19', '2022-12-10 15:20:28', 'phu-kien-19.png', 1, 32),
(197, 'Balo Fullcolor Teelab AC032', 350000, 100, 'TEELAB nơi bạn có thể thỏa sức thử nghiệm phong cách của mình. Được thành lập vào 2020 với rất nhiều những sự biến động của xã hội, TEELAB bắt đầu chặng đường viết lên câu chuyện của riêng mình. Khi văn hóa đường phố dần trở nên phổ biến hơn cũng là lúc nhu cầu được thỏa mãn đam mê về thời trang của những GenZ mãnh liệt hơn bao giờ hết. TEELAB, phòng thí nghiệm về thời trang và những thiết kế mang đậm tinh thần TEELAB của chúng tôi “Your body is your greatest canvas” hứa hẹn sẽ mang đến cho các bạn trẻ Việt Nam nhiều trải nghiệm thú vị và mới mẻ về thời trang đường phố. Đội ngũ Fashion Scientist của TEELAB luôn cố gắng hoàn thiện và phát triển sản phầm, để có thể mang tới cho khách hàng những sản phẩm có chất lượng tốt nhất, được nghiên cứu kỹ càng và đáp ứng những tiêu chuẩn điên rồ nhất từ phòng thí nghiệm của chúng tôi.', '2022-11-01 08:14:19', NULL, 'phu-kien-20.png', 1, 32),
(198, 'Tất Teelab Iconic Logo Socks AC057', 40000, 100, 'TEELAB nơi bạn có thể thỏa sức thử nghiệm phong cách của mình. Được thành lập vào 2020 với rất nhiều những sự biến động của xã hội, TEELAB bắt đầu chặng đường viết lên câu chuyện của riêng mình. Khi văn hóa đường phố dần trở nên phổ biến hơn cũng là lúc nhu cầu được thỏa mãn đam mê về thời trang của những GenZ mãnh liệt hơn bao giờ hết. TEELAB, phòng thí nghiệm về thời trang và những thiết kế mang đậm tinh thần TEELAB của chúng tôi “Your body is your greatest canvas” hứa hẹn sẽ mang đến cho các bạn trẻ Việt Nam nhiều trải nghiệm thú vị và mới mẻ về thời trang đường phố. Đội ngũ Fashion Scientist của TEELAB luôn cố gắng hoàn thiện và phát triển sản phầm, để có thể mang tới cho khách hàng những sản phẩm có chất lượng tốt nhất, được nghiên cứu kỹ càng và đáp ứng những tiêu chuẩn điên rồ nhất từ phòng thí nghiệm của chúng tôi.', '2022-11-01 08:14:19', NULL, 'phu-kien-21.png', 1, 32),
(199, 'Mũ lưỡi trai Teelab Mini Logo Caps AC063', 125000, 100, 'TEELAB nơi bạn có thể thỏa sức thử nghiệm phong cách của mình. Được thành lập vào 2020 với rất nhiều những sự biến động của xã hội, TEELAB bắt đầu chặng đường viết lên câu chuyện của riêng mình. Khi văn hóa đường phố dần trở nên phổ biến hơn cũng là lúc nhu cầu được thỏa mãn đam mê về thời trang của những GenZ mãnh liệt hơn bao giờ hết. TEELAB, phòng thí nghiệm về thời trang và những thiết kế mang đậm tinh thần TEELAB của chúng tôi “Your body is your greatest canvas” hứa hẹn sẽ mang đến cho các bạn trẻ Việt Nam nhiều trải nghiệm thú vị và mới mẻ về thời trang đường phố. Đội ngũ Fashion Scientist của TEELAB luôn cố gắng hoàn thiện và phát triển sản phầm, để có thể mang tới cho khách hàng những sản phẩm có chất lượng tốt nhất, được nghiên cứu kỹ càng và đáp ứng những tiêu chuẩn điên rồ nhất từ phòng thí nghiệm của chúng tôi.', '2022-11-01 08:14:19', NULL, 'phu-kien-22.png', 1, 32),
(200, 'Dép Teelab PooI Slipper AC056', 99000, 100, 'TEELAB nơi bạn có thể thỏa sức thử nghiệm phong cách của mình. Được thành lập vào 2020 với rất nhiều những sự biến động của xã hội, TEELAB bắt đầu chặng đường viết lên câu chuyện của riêng mình. Khi văn hóa đường phố dần trở nên phổ biến hơn cũng là lúc nhu cầu được thỏa mãn đam mê về thời trang của những GenZ mãnh liệt hơn bao giờ hết. TEELAB, phòng thí nghiệm về thời trang và những thiết kế mang đậm tinh thần TEELAB của chúng tôi “Your body is your greatest canvas” hứa hẹn sẽ mang đến cho các bạn trẻ Việt Nam nhiều trải nghiệm thú vị và mới mẻ về thời trang đường phố. Đội ngũ Fashion Scientist của TEELAB luôn cố gắng hoàn thiện và phát triển sản phầm, để có thể mang tới cho khách hàng những sản phẩm có chất lượng tốt nhất, được nghiên cứu kỹ càng và đáp ứng những tiêu chuẩn điên rồ nhất từ phòng thí nghiệm của chúng tôi.', '2022-11-01 08:14:19', NULL, 'phu-kien-23.png', 1, 32),
(201, 'Teelab Crossbody Messenger Bag AC061', 175000, 100, 'TEELAB nơi bạn có thể thỏa sức thử nghiệm phong cách của mình. Được thành lập vào 2020 với rất nhiều những sự biến động của xã hội, TEELAB bắt đầu chặng đường viết lên câu chuyện của riêng mình. Khi văn hóa đường phố dần trở nên phổ biến hơn cũng là lúc nhu cầu được thỏa mãn đam mê về thời trang của những GenZ mãnh liệt hơn bao giờ hết. TEELAB, phòng thí nghiệm về thời trang và những thiết kế mang đậm tinh thần TEELAB của chúng tôi “Your body is your greatest canvas” hứa hẹn sẽ mang đến cho các bạn trẻ Việt Nam nhiều trải nghiệm thú vị và mới mẻ về thời trang đường phố. Đội ngũ Fashion Scientist của TEELAB luôn cố gắng hoàn thiện và phát triển sản phầm, để có thể mang tới cho khách hàng những sản phẩm có chất lượng tốt nhất, được nghiên cứu kỹ càng và đáp ứng những tiêu chuẩn điên rồ nhất từ phòng thí nghiệm của chúng tôi.', '2022-11-01 08:14:19', NULL, 'phu-kien-24.png', 1, 32),
(205, 'Áo sơ mi 15', 100000, 100, 'Áo sơ mi mới', '2022-12-10 15:21:07', '2022-12-10 15:21:07', 'ao-so-mi-15.png', 1, 31);

-- --------------------------------------------------------

--
-- Cấu trúc bảng cho bảng `product_category`
--

CREATE TABLE `product_category` (
  `id` int(11) NOT NULL,
  `name` varchar(200) CHARACTER SET utf8 COLLATE utf8_unicode_ci DEFAULT NULL,
  `slug` varchar(200) DEFAULT NULL,
  `status` int(11) NOT NULL COMMENT '1: Active, 2: Disabled',
  `created_at` datetime DEFAULT current_timestamp(),
  `updated_at` datetime DEFAULT NULL
) ENGINE=InnoDB DEFAULT CHARSET=utf8mb4;

--
-- Đang đổ dữ liệu cho bảng `product_category`
--

INSERT INTO `product_category` (`id`, `name`, `slug`, `status`, `created_at`, `updated_at`) VALUES
(29, 'Áo thun', 'ao-thun', 1, '2022-10-31 17:51:05', '2022-11-09 07:54:06'),
(30, 'Áo polo', 'ao-polo', 1, '2022-10-31 17:52:05', '2022-11-09 07:54:10'),
(31, 'Áo sơmi', 'ao-somi', 1, '2022-11-09 07:54:20', '2022-11-09 07:54:20'),
(32, 'Phụ kiện', 'phu-kien', 1, '2022-11-09 07:54:28', '2022-11-09 07:54:28');

--
-- Chỉ mục cho các bảng đã đổ
--

--
-- Chỉ mục cho bảng `admin`
--
ALTER TABLE `admin`
  ADD PRIMARY KEY (`id`);

--
-- Chỉ mục cho bảng `cart`
--
ALTER TABLE `cart`
  ADD PRIMARY KEY (`thumbnail`);

--
-- Chỉ mục cho bảng `order_detail`
--
ALTER TABLE `order_detail`
  ADD PRIMARY KEY (`id`);

--
-- Chỉ mục cho bảng `order_product`
--
ALTER TABLE `order_product`
  ADD PRIMARY KEY (`id`);

--
-- Chỉ mục cho bảng `product`
--
ALTER TABLE `product`
  ADD PRIMARY KEY (`id`),
  ADD KEY `id_category` (`category_id`);

--
-- Chỉ mục cho bảng `product_category`
--
ALTER TABLE `product_category`
  ADD PRIMARY KEY (`id`);

--
-- AUTO_INCREMENT cho các bảng đã đổ
--

--
-- AUTO_INCREMENT cho bảng `admin`
--
ALTER TABLE `admin`
  MODIFY `id` int(11) NOT NULL AUTO_INCREMENT, AUTO_INCREMENT=2;

--
-- AUTO_INCREMENT cho bảng `order_detail`
--
ALTER TABLE `order_detail`
  MODIFY `id` int(11) NOT NULL AUTO_INCREMENT, AUTO_INCREMENT=47;

--
-- AUTO_INCREMENT cho bảng `order_product`
--
ALTER TABLE `order_product`
  MODIFY `id` int(11) NOT NULL AUTO_INCREMENT, AUTO_INCREMENT=42;

--
-- AUTO_INCREMENT cho bảng `product`
--
ALTER TABLE `product`
  MODIFY `id` int(11) NOT NULL AUTO_INCREMENT, AUTO_INCREMENT=206;

--
-- AUTO_INCREMENT cho bảng `product_category`
--
ALTER TABLE `product_category`
  MODIFY `id` int(11) NOT NULL AUTO_INCREMENT, AUTO_INCREMENT=37;

--
-- Các ràng buộc cho các bảng đã đổ
--

--
-- Các ràng buộc cho bảng `product`
--
ALTER TABLE `product`
  ADD CONSTRAINT `product_ibfk_1` FOREIGN KEY (`category_id`) REFERENCES `product_category` (`id`) ON DELETE CASCADE ON UPDATE CASCADE;
COMMIT;

/*!40101 SET CHARACTER_SET_CLIENT=@OLD_CHARACTER_SET_CLIENT */;
/*!40101 SET CHARACTER_SET_RESULTS=@OLD_CHARACTER_SET_RESULTS */;
/*!40101 SET COLLATION_CONNECTION=@OLD_COLLATION_CONNECTION */;
